1;Network Device CLI; ['execution']; ['Network'];;;1,83457659;0,62;0,77;0,85;0,55;T1059.008; []; []; []
2;Network Device Configuration Dump; ['collection']; ['Network'];;;1,234707705;0,27;0,77;0,85;0,85;T1602.002; []; []; []
3;TFTP Boot; ['defense-evasion', 'persistence']; ['Network'];;;0,798928515;0,27;0,77;0,85;0,55;T1542.005; []; []; []
4;ROMMONkit; ['defense-evasion', 'persistence']; ['Network'];;;1,234707705;0,27;0,77;0,85;0,85;T1542.004; []; []; []
5;SNMP (MIB Dump); ['collection']; ['Network'];;;1,234707705;0,27;0,77;0,85;0,85;T1602.001; []; []; []
6;Data from Configuration Repository; ['collection']; ['Network'];;;1,234707705;0,27;0,77;0,85;0,85;T1602; []; []; []
7;Downgrade System Image; ['defense-evasion']; ['Network'];;;0,798928515;0,27;0,77;0,85;0,55;T1601.002; []; []; []
8;Patch System Image; ['defense-evasion']; ['Network'];;;0,798928515;0,27;0,77;0,85;0,55;T1601.001; []; []; []
9;Modify System Image; ['defense-evasion']; ['Network'];;;0,798928515;0,27;0,77;0,85;0,55;T1601; []; []; []
10;Disable Crypto Hardware; ['defense-evasion']; ['Network'];;;0,798928515;0,27;0,77;0,85;0,55;T1600.002; []; []; []
11;Reduce Key Space; ['defense-evasion']; ['Network'];;;0,798928515;0,27;0,77;0,85;0,55;T1600.001; []; []; []
12;Weaken Encryption; ['defense-evasion']; ['Network'];;;0,798928515;0,27;0,77;0,85;0,55;T1600; []; []; []
13;Network Device Authentication; ['credential-access', 'defense-evasion']; ['Network'];;;0,582747858;0,27;0,77;0,62;0,55;T1556.004; []; []; []
14;Network Address Translation Traversal; ['defense-evasion']; ['Network'];;;1,234707705;0,27;0,77;0,85;0,85;T1599.001; []; []; []
15;Network Boundary Bridging; ['defense-evasion']; ['Network'];;;1,234707705;0,27;0,77;0,85;0,85;T1599; []; []; []
16;Traffic Duplication; ['exfiltration']; ['Network'];;;1,234707705;0,27;0,77;0,85;0,85;T1020.001; []; ['CAPEC-117']; ['Low']
17;ARP Cache Poisoning; ['credential-access', 'collection']; ['Linux', 'Windows', 'macOS'];;;2,83525473;0,62;0,77;0,85;0,85;T1557.002; []; []; []
18;Vulnerabilities; ['resource-development']; ['PRE'];;;2,515145325;0,85;0,77;0,85;0,55;T1588.006; []; []; []
19;Systemd Timers; ['execution', 'persistence', 'privilege-escalation']; ['Linux'];;;1,83457659;0,62;0,77;0,85;0,55;T1053.006; []; []; []
20;Disable Cloud Logs; ['defense-evasion']; ['GCP', 'Azure', 'AWS'];;;1,83457659;0,62;0,77;0,85;0,55;T1562.008; []; []; []
21;Print Processors; ['persistence', 'privilege-escalation']; ['Windows'];;;0,798928515;0,27;0,77;0,85;0,55;T1547.012; []; []; []
22;Spearphishing Link; ['reconnaissance']; ['PRE'];;;2,83525473;0,85;0,77;0,62;0,85;T1598.003; []; []; []
23;Spearphishing Attachment; ['reconnaissance']; ['PRE'];;;2,83525473;0,85;0,77;0,62;0,85;T1598.002; []; []; []
24;Spearphishing Service; ['reconnaissance']; ['PRE'];;;2,83525473;0,85;0,77;0,62;0,85;T1598.001; []; []; []
25;Phishing for Information; ['reconnaissance']; ['PRE'];;;2,83525473;0,85;0,77;0,62;0,85;T1598; []; []; []
26;Purchase Technical Data; ['reconnaissance']; ['PRE'];;;2,2211673;0,85;0,44;0,85;0,85;T1597.002; []; []; []
27;Threat Intel Vendors; ['reconnaissance']; ['PRE'];;;3,887042775;0,85;0,77;0,85;0,85;T1597.001; []; []; []
28;Search Closed Sources; ['reconnaissance']; ['PRE'];;;3,887042775;0,85;0,77;0,85;0,85;T1597; []; []; []
29;Scan Databases; ['reconnaissance']; ['PRE'];;;3,887042775;0,85;0,77;0,85;0,85;T1596.005; []; []; []
30;CDNs; ['reconnaissance']; ['PRE'];;;3,887042775;0,85;0,77;0,85;0,85;T1596.004; []; []; []
31;Digital Certificates; ['reconnaissance']; ['PRE'];;;3,887042775;0,85;0,77;0,85;0,85;T1596.003; []; []; []
32;DNS/Passive DNS; ['reconnaissance']; ['PRE'];;;3,887042775;0,85;0,77;0,85;0,85;T1596.001; []; []; []
33;WHOIS; ['reconnaissance']; ['PRE'];;;3,887042775;0,85;0,77;0,85;0,85;T1596.002; []; []; []
34;Search Open Technical Databases; ['reconnaissance']; ['PRE'];;;3,887042775;0,85;0,77;0,85;0,85;T1596; []; []; []
35;Vulnerability Scanning; ['reconnaissance']; ['PRE'];;;3,887042775;0,85;0,77;0,85;0,85;T1595.002; []; []; []
36;Scanning IP Blocks; ['reconnaissance']; ['PRE'];;;3,887042775;0,85;0,77;0,85;0,85;T1595.001; []; []; []
37;Active Scanning; ['reconnaissance']; ['PRE'];;;3,887042775;0,85;0,77;0,85;0,85;T1595; []; []; []
38;Search Victim-Owned Websites; ['reconnaissance']; ['PRE'];;;3,887042775;0,85;0,77;0,85;0,85;T1594; []; []; []
39;Search Engines; ['reconnaissance']; ['PRE'];;;3,887042775;0,85;0,77;0,85;0,85;T1593.002; []; []; []
40;Social Media; ['reconnaissance']; ['PRE'];;;3,887042775;0,85;0,77;0,85;0,85;T1593.001; []; []; []
41;Search Open Websites/Domains; ['reconnaissance']; ['PRE'];;;3,887042775;0,85;0,77;0,85;0,85;T1593; []; []; []
42;Client Configurations; ['reconnaissance']; ['PRE'];;;3,887042775;0,85;0,77;0,85;0,85;T1592.004; []; []; []
43;Firmware; ['reconnaissance']; ['PRE'];;;3,887042775;0,85;0,77;0,85;0,85;T1592.003; []; []; []
44;Software; ['reconnaissance']; ['PRE'];;;3,887042775;0,85;0,77;0,85;0,85;T1592.002; []; []; []
45;Hardware; ['reconnaissance']; ['PRE'];;;3,887042775;0,85;0,77;0,85;0,85;T1592.001; []; []; []
46;Gather Victim Host Information; ['reconnaissance']; ['PRE'];;;3,887042775;0,85;0,77;0,85;0,85;T1592; []; []; []
47;Identify Roles; ['reconnaissance']; ['PRE'];;;3,887042775;0,85;0,77;0,85;0,85;T1591.004; []; []; []
48;Identify Business Tempo; ['reconnaissance']; ['PRE'];;;3,887042775;0,85;0,77;0,85;0,85;T1591.003; []; []; []
49;Determine Physical Locations; ['reconnaissance']; ['PRE'];;;3,887042775;0,85;0,77;0,85;0,85;T1591.001; []; []; []
50;Business Relationships; ['reconnaissance']; ['PRE'];;;3,887042775;0,85;0,77;0,85;0,85;T1591.002; []; []; []
51;Gather Victim Org Information; ['reconnaissance']; ['PRE'];;;3,887042775;0,85;0,77;0,85;0,85;T1591; []; []; []
52;Network Security Appliances; ['reconnaissance']; ['PRE'];;;3,887042775;0,85;0,77;0,85;0,85;T1590.006; []; []; []
53;IP Addresses; ['reconnaissance']; ['PRE'];;;3,887042775;0,85;0,77;0,85;0,85;T1590.005; []; []; []
54;Network Topology; ['reconnaissance']; ['PRE'];;;3,887042775;0,85;0,77;0,85;0,85;T1590.004; []; []; []
55;Network Trust Dependencies; ['reconnaissance']; ['PRE'];;;3,887042775;0,85;0,77;0,85;0,85;T1590.003; []; []; []
56;DNS; ['reconnaissance']; ['PRE'];;;3,887042775;0,85;0,77;0,85;0,85;T1590.002; []; []; []
57;Domain Properties; ['reconnaissance']; ['PRE'];;;3,887042775;0,85;0,77;0,85;0,85;T1590.001; []; []; []
58;Gather Victim Network Information; ['reconnaissance']; ['PRE'];;;3,887042775;0,85;0,77;0,85;0,85;T1590; []; []; []
59;Employee Names; ['reconnaissance']; ['PRE'];;;3,887042775;0,85;0,77;0,85;0,85;T1589.003; []; []; []
60;Email Addresses; ['reconnaissance']; ['PRE'];;;3,887042775;0,85;0,77;0,85;0,85;T1589.002; []; []; []
61;Credentials; ['reconnaissance']; ['PRE'];;;3,887042775;0,85;0,77;0,85;0,85;T1589.001; []; []; []
62;Gather Victim Identity Information; ['reconnaissance']; ['PRE'];;;3,887042775;0,85;0,77;0,85;0,85;T1589; []; []; []
63;Exploits; ['resource-development']; ['PRE'];;;3,887042775;0,85;0,77;0,85;0,85;T1588.005; []; []; []
64;Digital Certificates; ['resource-development']; ['PRE'];;;3,887042775;0,85;0,77;0,85;0,85;T1588.004; []; []; []
65;Code Signing Certificates; ['resource-development']; ['PRE'];;;3,887042775;0,85;0,77;0,85;0,85;T1588.003; []; []; []
66;Tool; ['resource-development']; ['PRE'];;;3,887042775;0,85;0,77;0,85;0,85;T1588.002; []; []; []
67;Malware; ['resource-development']; ['PRE'];;;3,887042775;0,85;0,77;0,85;0,85;T1588.001; []; []; []
68;Obtain Capabilities; ['resource-development']; ['PRE'];;;3,887042775;0,85;0,77;0,85;0,85;T1588; []; []; []
69;Exploits; ['resource-development']; ['PRE'];;;3,887042775;0,85;0,77;0,85;0,85;T1587.004; []; []; []
70;Digital Certificates; ['resource-development']; ['PRE'];;;3,887042775;0,85;0,77;0,85;0,85;T1587.003; []; []; []
71;Code Signing Certificates; ['resource-development']; ['PRE'];;;3,887042775;0,85;0,77;0,85;0,85;T1587.002; []; []; []
72;Malware; ['resource-development']; ['PRE'];;;3,887042775;0,85;0,77;0,85;0,85;T1587.001; []; []; []
73;Develop Capabilities; ['resource-development']; ['PRE'];;;3,887042775;0,85;0,77;0,85;0,85;T1587; []; []; []
74;Email Accounts; ['resource-development']; ['PRE'];;;3,887042775;0,85;0,77;0,85;0,85;T1586.002; []; []; []
75;Social Media Accounts; ['resource-development']; ['PRE'];;;3,887042775;0,85;0,77;0,85;0,85;T1586.001; []; []; []
76;Compromise Accounts; ['resource-development']; ['PRE'];;;3,887042775;0,85;0,77;0,85;0,85;T1586; []; []; []
77;Email Accounts; ['resource-development']; ['PRE'];;;3,887042775;0,85;0,77;0,85;0,85;T1585.002; []; []; []
78;Social Media Accounts; ['resource-development']; ['PRE'];;;3,887042775;0,85;0,77;0,85;0,85;T1585.001; []; []; []
79;Establish Accounts; ['resource-development']; ['PRE'];;;3,887042775;0,85;0,77;0,85;0,85;T1585; []; []; []
80;Web Services; ['resource-development']; ['PRE'];;;2,83525473;0,85;0,77;0,62;0,85;T1584.006; []; []; []
81;Botnet; ['resource-development']; ['PRE'];;;3,887042775;0,85;0,77;0,85;0,85;T1584.005; []; []; []
82;Server; ['resource-development']; ['PRE'];;;3,887042775;0,85;0,77;0,85;0,85;T1584.004; []; []; []
83;Virtual Private Server; ['resource-development']; ['PRE'];;;3,887042775;0,85;0,77;0,85;0,85;T1584.003; []; []; []
84;DNS Server; ['resource-development']; ['PRE'];;;3,887042775;0,85;0,77;0,85;0,85;T1584.002; []; []; []
85;Domains; ['resource-development']; ['PRE'];;;3,887042775;0,85;0,77;0,85;0,85;T1584.001; []; []; []
86;Web Services; ['resource-development']; ['PRE'];;;3,887042775;0,85;0,77;0,85;0,85;T1583.006; []; []; []
87;Botnet; ['resource-development']; ['PRE'];;;3,887042775;0,85;0,77;0,85;0,85;T1583.005; []; []; []
88;Server; ['resource-development']; ['PRE'];;;3,887042775;0,85;0,77;0,85;0,85;T1583.004; []; []; []
89;Virtual Private Server; ['resource-development']; ['PRE'];;;3,887042775;0,85;0,77;0,85;0,85;T1583.003; []; []; []
90;DNS Server; ['resource-development']; ['PRE'];;;3,887042775;0,85;0,77;0,85;0,85;T1583.002; []; []; []
91;Compromise Infrastructure; ['resource-development']; ['PRE'];;;3,887042775;0,85;0,77;0,85;0,85;T1584; []; []; []
92;Domains; ['resource-development']; ['PRE'];;;3,887042775;0,85;0,77;0,85;0,85;T1583.001; []; ['CAPEC-630']; ['Low']
93;Acquire Infrastructure; ['resource-development']; ['PRE'];;;3,887042775;0,85;0,77;0,85;0,85;T1583; []; []; []
94;VBA Stomping; ['defense-evasion']; ['Linux', 'Windows', 'macOS'];;;1,83457659;0,62;0,77;0,85;0,55;T1564.007; ['MS Office version specified in <code>_VBA_PROJECT</code> stream must match host']; []; []
95;AS-REP Roasting; ['credential-access']; ['Windows'];;;1,83457659;0,62;0,77;0,85;0,55;T1558.004; ['Valid domain account']; []; []
96;Cloud Infrastructure Discovery; ['discovery']; ['AWS', 'Azure', 'GCP'];;;1,83457659;0,62;0,77;0,85;0,55;T1580; []; []; []
97;Verclsid; ['defense-evasion']; ['Windows'];;;1,83457659;0,62;0,77;0,85;0,55;T1218.012; []; []; []
98;Port Knocking; ['defense-evasion', 'persistence', 'command-and-control']; ['Linux', 'macOS', 'Windows', 'Network'];;;2,83525473;0,62;0,77;0,85;0,85;T1205.001; []; []; []
99;Run Virtual Instance; ['defense-evasion']; ['Linux', 'macOS', 'Windows'];;;2,83525473;0,62;0,77;0,85;0,85;T1564.006; []; []; []
100;Hidden File System; ['defense-evasion']; ['Linux', 'macOS', 'Windows'];;;1,83457659;0,62;0,77;0,85;0,55;T1564.005; []; []; []
101;Pluggable Authentication Modules; ['credential-access', 'defense-evasion']; ['Linux', 'macOS'];;;0,798928515;0,27;0,77;0,85;0,55;T1556.003; []; []; []
102;COR_PROFILER; ['persistence', 'privilege-escalation', 'defense-evasion']; ['Windows'];;;1,83457659;0,62;0,77;0,85;0,55;T1574.012; []; []; []
103;Disable or Modify Cloud Firewall; ['defense-evasion']; ['AWS', 'GCP', 'Azure'];;;1,83457659;0,62;0,77;0,85;0,55;T1562.007; []; []; []
104;SSH Authorized Keys; ['persistence']; ['Linux', 'macOS'];;;1,83457659;0,62;0,77;0,85;0,55;T1098.004; []; []; []
105;Environmental Keying; ['defense-evasion']; ['Linux', 'macOS', 'Windows'];;;1,83457659;0,62;0,77;0,85;0,55;T1480.001; []; []; []
106;JavaScript; ['execution']; ['Windows', 'macOS', 'Linux'];;;1,338161748;0,62;0,77;0,62;0,55;T1059.007; []; []; []
107;Revert Cloud Instance; ['defense-evasion']; ['AWS', 'GCP', 'Azure'];;;1,83457659;0,62;0,77;0,85;0,55;T1578.004; []; []; []
108;Delete Cloud Instance; ['defense-evasion']; ['AWS', 'GCP', 'Azure'];;;1,83457659;0,62;0,77;0,85;0,55;T1578.003; []; []; []
109;Create Snapshot; ['defense-evasion']; ['AWS', 'GCP', 'Azure'];;;1,83457659;0,62;0,77;0,85;0,55;T1578.001; []; []; []
110;Create Cloud Instance; ['defense-evasion']; ['AWS', 'GCP', 'Azure'];;;1,83457659;0,62;0,77;0,85;0,55;T1578.002; []; []; []
111;MSBuild; ['defense-evasion']; ['Windows'];;;2,515145325;0,85;0,77;0,85;0,55;T1127.001; [' .NET Framework version 4 or higher']; []; []
112;Indicator Removal from Tools; ['defense-evasion']; ['Linux', 'macOS', 'Windows'];;;2,515145325;0,85;0,77;0,85;0,55;T1027.005; []; []; []
113;Indicator Blocking; ['defense-evasion']; ['Windows', 'macOS', 'Linux'];;;2,515145325;0,85;0,77;0,85;0,55;T1562.006; []; ['CAPEC-571']; ['
114;Asymmetric Cryptography; ['command-and-control']; ['Linux', 'macOS', 'Windows'];;;3,887042775;0,85;0,77;0,85;0,85;T1573.002; []; []; []
115;Symmetric Cryptography; ['command-and-control']; ['Linux', 'Windows', 'macOS'];;;3,887042775;0,85;0,77;0,85;0,85;T1573.001; []; []; []
116;Encrypted Channel; ['command-and-control']; ['Linux', 'macOS', 'Windows'];;;3,887042775;0,85;0,77;0,85;0,85;T1573; []; []; []
117;Compile After Delivery; ['defense-evasion']; ['Linux', 'macOS', 'Windows'];;;1,83457659;0,62;0,77;0,85;0,55;T1027.004; ['Compiler software (either native to the system or delivered by the adversary)']; []; []
118;Dylib Hijacking; ['persistence', 'privilege-escalation', 'defense-evasion']; ['macOS'];;;2,515145325;0,85;0,77;0,85;0,55;T1574.004; []; ['CAPEC-471'];" ["""
119;Component Object Model Hijacking; ['privilege-escalation', 'persistence']; ['Windows'];;;1,83457659;0,62;0,77;0,85;0,55;T1546.015; []; []; []
120;DNS; ['command-and-control']; ['Linux', 'macOS', 'Windows'];;;3,887042775;0,85;0,77;0,85;0,85;T1071.004; []; []; []
121;Mail Protocols; ['command-and-control']; ['Linux', 'macOS', 'Windows'];;;3,887042775;0,85;0,77;0,85;0,85;T1071.003; []; []; []
122;File Transfer Protocols; ['command-and-control']; ['Linux', 'macOS', 'Windows'];;;3,887042775;0,85;0,77;0,85;0,85;T1071.002; []; []; []
123;Web Protocols; ['command-and-control']; ['Linux', 'macOS', 'Windows'];;;3,887042775;0,85;0,77;0,85;0,85;T1071.001; []; []; []
124;Protocol Tunneling; ['command-and-control']; ['Linux', 'macOS', 'Windows'];;;3,887042775;0,85;0,77;0,85;0,85;T1572; []; []; []
125;Exfiltration Over Unencrypted/Obfuscated Non-C2 Protocol; ['exfiltration']; ['Linux', 'macOS', 'Windows'];;;3,887042775;0,85;0,77;0,85;0,85;T1048.003; []; []; []
126;Exfiltration Over Asymmetric Encrypted Non-C2 Protocol; ['exfiltration']; ['Linux', 'macOS', 'Windows'];;;3,887042775;0,85;0,77;0,85;0,85;T1048.002; []; []; []
127;Exfiltration Over Symmetric Encrypted Non-C2 Protocol; ['exfiltration']; ['Linux', 'macOS', 'Windows'];;;3,887042775;0,85;0,77;0,85;0,85;T1048.001; []; []; []
128;Protocol Impersonation; ['command-and-control']; ['Linux', 'Windows', 'macOS'];;;3,887042775;0,85;0,77;0,85;0,85;T1001.003; []; []; []
129;Steganography; ['command-and-control']; ['Linux', 'macOS', 'Windows'];;;3,887042775;0,85;0,77;0,85;0,85;T1001.002; []; []; []
130;Junk Data; ['command-and-control']; ['Linux', 'macOS', 'Windows'];;;3,887042775;0,85;0,77;0,85;0,85;T1001.001; []; []; []
131;Non-Standard Encoding; ['command-and-control']; ['Linux', 'macOS', 'Windows'];;;2,83525473;0,62;0,77;0,85;0,85;T1132.002; []; []; []
132;Standard Encoding; ['command-and-control']; ['Linux', 'macOS', 'Windows'];;;2,83525473;0,62;0,77;0,85;0,85;T1132.001; []; []; []
133;Domain Fronting; ['command-and-control']; ['Linux', 'macOS', 'Windows'];;;3,887042775;0,85;0,77;0,85;0,85;T1090.004; []; ['CAPEC-481']; ['Medium']
134;Multi-hop Proxy; ['command-and-control']; ['Linux', 'macOS', 'Windows', 'Network'];;;3,887042775;0,85;0,77;0,85;0,85;T1090.003; []; []; []
135;External Proxy; ['command-and-control']; ['Linux', 'macOS', 'Windows'];;;3,887042775;0,85;0,77;0,85;0,85;T1090.002; []; []; []
136;Internal Proxy; ['command-and-control']; ['Linux', 'macOS', 'Windows'];;;3,887042775;0,85;0,77;0,85;0,85;T1090.001; []; []; []
137;One-Way Communication; ['command-and-control']; ['Linux', 'macOS', 'Windows'];;;2,83525473;0,62;0,77;0,85;0,85;T1102.003; []; []; []
138;Bidirectional Communication; ['command-and-control']; ['Linux', 'macOS', 'Windows'];;;2,83525473;0,62;0,77;0,85;0,85;T1102.002; []; []; []
139;Dead Drop Resolver; ['command-and-control']; ['Linux', 'macOS', 'Windows'];;;2,83525473;0,62;0,77;0,85;0,85;T1102.001; []; []; []
140;Non-Standard Port; ['command-and-control']; ['Linux', 'macOS', 'Windows'];;;3,887042775;0,85;0,77;0,85;0,85;T1571; []; []; []
141;Remote Data Staging; ['collection']; ['Linux', 'macOS', 'Windows', 'AWS', 'GCP', 'Azure'];;;3,887042775;0,85;0,77;0,85;0,85;T1074.002; []; []; []
142;Local Data Staging; ['collection']; ['Linux', 'macOS', 'Windows'];;;2,515145325;0,85;0,77;0,85;0,55;T1074.001; []; []; []
143;Cloud Accounts; ['defense-evasion', 'persistence', 'privilege-escalation', 'initial-access']; ['AWS', 'GCP', 'Azure', 'SaaS', 'Azure AD', 'Office 365'];;;1,83457659;0,62;0,77;0,85;0,55;T1078.004; []; []; []
144;NTFS File Attributes; ['defense-evasion']; ['Windows'];;;2,515145325;0,85;0,77;0,85;0,55;T1564.004; ['NTFS partitioned hard drive']; []; []
145;Hidden Window; ['defense-evasion']; ['macOS', 'Windows'];;;1,83457659;0,62;0,77;0,85;0,55;T1564.003; []; []; []
146;Local Accounts; ['defense-evasion', 'persistence', 'privilege-escalation', 'initial-access']; ['Linux', 'macOS', 'Windows'];;;1,83457659;0,62;0,77;0,85;0,55;T1078.003; []; []; []
147;Domain Accounts; ['defense-evasion', 'persistence', 'privilege-escalation', 'initial-access']; ['Linux', 'macOS', 'Windows'];;;1,04832948;0,62;0,44;0,85;0,55;T1078.002; []; ['CAPEC-560']; ['High']
148;Default Accounts; ['defense-evasion', 'persistence', 'privilege-escalation', 'initial-access']; ['Linux', 'macOS', 'Windows', 'AWS', 'GCP', 'Azure', 'Office 365', 'Azure AD', 'SaaS'];;;1,83457659;0,62;0,77;0,85;0,55;T1078.001; []; ['CAPEC-70']; ['Medium']
149;Hidden Users; ['defense-evasion']; ['macOS'];;;0,798928515;0,27;0,77;0,85;0,55;T1564.002; []; []; []
150;Dynamic Linker Hijacking; ['persistence', 'privilege-escalation', 'defense-evasion']; ['Linux'];;;2,515145325;0,85;0,77;0,85;0,55;T1574.006; []; ['CAPEC-13', 'CAPEC-640']; ['High', 'Low']
151;DLL Side-Loading; ['persistence', 'privilege-escalation', 'defense-evasion']; ['Windows'];;;2,515145325;0,85;0,77;0,85;0,55;T1574.002; []; ['CAPEC-641']; ['Low']
152;DLL Search Order Hijacking; ['persistence', 'privilege-escalation', 'defense-evasion']; ['Windows'];;;2,515145325;0,85;0,77;0,85;0,55;T1574.001; []; ['CAPEC-471'];" ["""
153;Path Interception by Search Order Hijacking; ['persistence', 'privilege-escalation', 'defense-evasion']; ['Windows'];;;1,83457659;0,62;0,77;0,85;0,55;T1574.008; []; ['CAPEC-159']; ['High']
154;Path Interception by PATH Environment Variable; ['persistence', 'privilege-escalation', 'defense-evasion']; ['Windows'];;;2,515145325;0,85;0,77;0,85;0,55;T1574.007; []; ['CAPEC-13', 'CAPEC-38']; ['High', 'High']
155;Path Interception by Unquoted Path; ['persistence', 'privilege-escalation', 'defense-evasion']; ['Windows'];;;2,515145325;0,85;0,77;0,85;0,55;T1574.009; []; ['CAPEC-38']; ['High']
156;Services Registry Permissions Weakness; ['persistence', 'privilege-escalation', 'defense-evasion']; ['Windows'];;;1,83457659;0,62;0,77;0,85;0,55;T1574.011; []; ['CAPEC-478']; ['Low']
157;Executable Installer File Permissions Weakness; ['persistence', 'privilege-escalation', 'defense-evasion']; ['Windows'];;;1,83457659;0,62;0,77;0,85;0,55;T1574.005; []; []; []
158;Services File Permissions Weakness; ['persistence', 'privilege-escalation', 'defense-evasion']; ['Windows'];;;1,83457659;0,62;0,77;0,85;0,55;T1574.010; []; ['CAPEC-17']; ['High']
159;Hijack Execution Flow; ['persistence', 'privilege-escalation', 'defense-evasion']; ['Linux', 'macOS', 'Windows'];;;2,515145325;0,85;0,77;0,85;0,55;T1574; []; []; []
160;Local Groups; ['discovery']; ['Linux', 'macOS', 'Windows'];;;1,83457659;0,62;0,77;0,85;0,55;T1069.001; []; []; []
161;Lateral Tool Transfer; ['lateral-movement']; ['Linux', 'macOS', 'Windows'];;;2,83525473;0,62;0,77;0,85;0,85;T1570; []; []; []
162;DNS Calculation; ['command-and-control']; ['Linux', 'macOS', 'Windows'];;;2,515145325;0,85;0,77;0,85;0,55;T1568.003; []; []; []
163;Malicious File; ['execution']; ['Linux', 'macOS', 'Windows'];;;1,338161748;0,62;0,77;0,62;0,55;T1204.002; []; []; []
164;Malicious Link; ['execution']; ['Linux', 'macOS', 'Windows'];;;1,338161748;0,62;0,77;0,62;0,55;T1204.001; []; []; []
165;Compromise Hardware Supply Chain; ['initial-access']; ['Linux', 'macOS', 'Windows'];;;0,9145983;0,85;0,77;0,85;0,2;T1195.003; []; []; []
166;Compromise Software Supply Chain; ['initial-access']; ['Linux', 'macOS', 'Windows'];;;3,887042775;0,85;0,77;0,85;0,85;T1195.002; []; []; []
167;Compromise Software Dependencies and Development Tools; ['initial-access']; ['Linux', 'macOS', 'Windows'];;;3,887042775;0,85;0,77;0,85;0,85;T1195.001; []; []; []
168;Fast Flux DNS; ['command-and-control']; ['Linux', 'macOS', 'Windows'];;;2,515145325;0,85;0,77;0,85;0,55;T1568.001; []; []; []
169;Exfiltration over USB; ['exfiltration']; ['Linux', 'macOS', 'Windows'];;;1,83457659;0,85;0,77;0,62;0,55;T1052.001; ['Presence of physical medium or device']; []; []
170;Service Execution; ['execution']; ['Windows'];;;1,234707705;0,27;0,77;0,85;0,85;T1569.002; []; []; []
171;Launchctl; ['execution']; ['macOS'];;;1,83457659;0,62;0,77;0,85;0,55;T1569.001; []; []; []
172;System Services; ['execution']; ['Windows', 'macOS'];;;1,83457659;0,62;0,77;0,85;0,55;T1569; []; []; []
173;Domain Generation Algorithms; ['command-and-control']; ['Linux', 'macOS', 'Windows'];;;2,83525473;0,62;0,77;0,85;0,85;T1568.002; []; []; []
174;Dynamic Resolution; ['command-and-control']; ['Linux', 'macOS', 'Windows'];;;1,83457659;0,62;0,77;0,85;0,55;T1568; []; []; []
175;Exfiltration Over Bluetooth; ['exfiltration']; ['Linux', 'macOS', 'Windows'];;;2,515145325;0,85;0,77;0,85;0,55;T1011.001; []; []; []
176;Exfiltration to Cloud Storage; ['exfiltration']; ['Linux', 'macOS', 'Windows'];;;3,887042775;0,85;0,77;0,85;0,85;T1567.002; []; []; []
177;Exfiltration to Code Repository; ['exfiltration']; ['Linux', 'macOS', 'Windows'];;;3,887042775;0,85;0,77;0,85;0,85;T1567.001; []; []; []
178;Python; ['execution']; ['Linux', 'Windows', 'macOS'];;;0,798928515;0,27;0,77;0,85;0,55;T1059.006; ['Python is installed.']; []; []
179;Visual Basic; ['execution']; ['Windows', 'macOS', 'Linux'];;;1,83457659;0,62;0,77;0,85;0,55;T1059.005; []; []; []
180;Unix Shell; ['execution']; ['macOS', 'Linux'];;;1,83457659;0,62;0,77;0,85;0,55;T1059.004; []; []; []
181;Windows Command Shell; ['execution']; ['Windows'];;;1,83457659;0,62;0,77;0,85;0,55;T1059.003; []; []; []
182;AppleScript; ['execution']; ['macOS'];;;1,83457659;0,62;0,77;0,85;0,55;T1059.002; []; []; []
183;PowerShell; ['execution']; ['Windows'];;;2,83525473;0,62;0,77;0,85;0,85;T1059.001; []; []; []
184;Exfiltration Over Web Service; ['exfiltration']; ['Linux', 'macOS', 'Windows'];;;3,887042775;0,85;0,77;0,85;0,85;T1567; []; []; []
185;Time Based Evasion; ['defense-evasion', 'discovery']; ['Linux', 'macOS', 'Windows'];;;2,515145325;0,85;0,77;0,85;0,55;T1497.003; []; []; []
186;User Activity Based Checks; ['defense-evasion', 'discovery']; ['Linux', 'macOS', 'Windows'];;;2,515145325;0,85;0,77;0,85;0,55;T1497.002; []; []; []
187;System Checks; ['defense-evasion', 'discovery']; ['Linux', 'macOS', 'Windows'];;;2,515145325;0,85;0,77;0,85;0,55;T1497.001; []; []; []
188;Reflection Amplification; ['impact']; ['macOS', 'Windows', 'Linux', 'AWS', 'Office 365', 'Azure AD', 'GCP', 'Azure', 'SaaS'];;;3,887042775;0,85;0,77;0,85;0,85;T1498.002; []; ['CAPEC-490']; ['
189;Direct Network Flood; ['impact']; ['Linux', 'macOS', 'Windows', 'AWS', 'GCP', 'Azure AD', 'SaaS', 'Azure', 'Office 365'];;;3,887042775;0,85;0,77;0,85;0,85;T1498.001; []; ['CAPEC-125', 'CAPEC-486']; ['High', '
190;Spearphishing via Service; ['initial-access']; ['Linux', 'macOS', 'Windows'];;;1,83457659;0,85;0,77;0,62;0,55;T1566.003; []; ['CAPEC-163']; ['High']
191;Spearphishing Link; ['initial-access']; ['Linux', 'macOS', 'Windows', 'Office 365', 'SaaS'];;;2,83525473;0,85;0,77;0,62;0,85;T1566.002; []; ['CAPEC-163']; ['High']
192;Spearphishing Attachment; ['initial-access']; ['macOS', 'Windows', 'Linux'];;;2,83525473;0,85;0,77;0,62;0,85;T1566.001; []; ['CAPEC-163']; ['High']
193;Phishing; ['initial-access']; ['Linux', 'macOS', 'Windows', 'SaaS', 'Office 365'];;;2,83525473;0,85;0,77;0,62;0,85;T1566; []; ['CAPEC-98']; ['High']
194;Runtime Data Manipulation; ['impact']; ['Linux', 'macOS', 'Windows'];;;1,83457659;0,62;0,77;0,85;0,55;T1565.003; []; []; []
195;Transmitted Data Manipulation; ['impact']; ['Linux', 'macOS', 'Windows'];;;2,83525473;0,62;0,77;0,85;0,85;T1565.002; []; []; []
196;Stored Data Manipulation; ['impact']; ['Linux', 'macOS', 'Windows'];;;1,83457659;0,62;0,77;0,85;0,55;T1565.001; []; []; []
197;Data Manipulation; ['impact']; ['Linux', 'macOS', 'Windows'];;;2,83525473;0,62;0,77;0,85;0,85;T1565; []; []; []
198;Hidden Files and Directories; ['defense-evasion']; ['Windows', 'macOS', 'Linux'];;;1,83457659;0,62;0,77;0,85;0,55;T1564.001; []; []; []
199;Hide Artifacts; ['defense-evasion']; ['Linux', 'macOS', 'Windows'];;;2,515145325;0,85;0,77;0,85;0,55;T1564; []; []; []
200;RDP Hijacking; ['lateral-movement']; ['Windows'];;;0,900610326;0,27;0,77;0,62;0,85;T1563.002; []; []; []
201;SSH Hijacking; ['lateral-movement']; ['Linux', 'macOS'];;;0,582747858;0,27;0,77;0,62;0,55;T1563.001; ['SSH service enabled, trust relationships configured, established connections']; []; []
202;Remote Service Session Hijacking; ['lateral-movement']; ['Linux', 'macOS', 'Windows'];;;1,234707705;0,27;0,77;0,85;0,85;T1563; []; []; []
203;Security Software Discovery; ['discovery']; ['Linux', 'macOS', 'Windows', 'AWS', 'GCP', 'Azure', 'Office 365', 'Azure AD', 'SaaS'];;;1,83457659;0,62;0,77;0,85;0,55;T1518.001; []; ['CAPEC-581']; ['
204;Cloud Groups; ['discovery']; ['Office 365', 'Azure AD', 'GCP', 'SaaS', 'Azure', 'AWS'];;;1,83457659;0,62;0,77;0,85;0,55;T1069.003; []; []; []
205;Domain Groups; ['discovery']; ['Linux', 'macOS', 'Windows'];;;1,83457659;0,62;0,77;0,85;0,55;T1069.002; []; []; []
206;Cloud Account; ['discovery']; ['AWS', 'GCP', 'Azure', 'Office 365', 'Azure AD', 'SaaS'];;;1,83457659;0,62;0,77;0,85;0,55;T1087.004; []; []; []
207;Email Account; ['discovery']; ['Windows', 'Office 365'];;;1,83457659;0,62;0,77;0,85;0,55;T1087.003; []; []; []
208;Domain Account; ['discovery']; ['Linux', 'macOS', 'Windows'];;;1,83457659;0,62;0,77;0,85;0,55;T1087.002; []; ['CAPEC-575']; ['Low']
209;Local Account; ['discovery']; ['Linux', 'macOS', 'Windows'];;;1,83457659;0,62;0,77;0,85;0,55;T1087.001; []; []; []
210;Install Root Certificate; ['defense-evasion']; ['Linux', 'macOS', 'Windows'];;;1,338161748;0,62;0,77;0,62;0,55;T1553.004; []; ['CAPEC-479']; ['Low']
211;Disable or Modify System Firewall; ['defense-evasion']; ['Linux', 'macOS', 'Windows'];;;2,515145325;0,85;0,77;0,85;0,55;T1562.004; []; []; []
212;Impair Command History Logging; ['defense-evasion']; ['Linux', 'macOS', 'Windows'];;;1,83457659;0,62;0,77;0,85;0,55;T1562.003; []; ['CAPEC-13']; ['High']
213;Disable Windows Event Logging; ['defense-evasion']; ['Windows'];;;0,798928515;0,27;0,77;0,85;0,55;T1562.002; []; []; []
214;Disable or Modify Tools; ['defense-evasion']; ['Windows', 'macOS', 'Linux'];;;1,83457659;0,62;0,77;0,85;0,55;T1562.001; []; ['CAPEC-578']; ['Medium']
215;Impair Defenses; ['defense-evasion']; ['Linux', 'Windows', 'macOS', 'AWS', 'GCP', 'Azure'];;;1,83457659;0,62;0,77;0,85;0,55;T1562; []; []; []
216;LSA Secrets; ['credential-access']; ['Windows'];;;0,798928515;0,27;0,77;0,85;0,55;T1003.004; []; []; []
217;Cached Domain Credentials; ['credential-access']; ['Windows'];;;0,798928515;0,27;0,77;0,85;0,55;T1003.005; []; []; []
218;Disk Structure Wipe; ['impact']; ['Linux', 'macOS', 'Windows'];;;1,83457659;0,62;0,77;0,85;0,55;T1561.002; []; []; []
219;Disk Content Wipe; ['impact']; ['Linux', 'macOS', 'Windows'];;;1,83457659;0,62;0,77;0,85;0,55;T1561.001; []; []; []
220;Disk Wipe; ['impact']; ['Linux', 'macOS', 'Windows'];;;1,83457659;0,62;0,77;0,85;0,55;T1561; []; []; []
221;Archive via Custom Method; ['collection']; ['Linux', 'macOS', 'Windows'];;;2,515145325;0,85;0,77;0,85;0,55;T1560.003; []; []; []
222;Archive via Library; ['collection']; ['Linux', 'macOS', 'Windows'];;;2,515145325;0,85;0,77;0,85;0,55;T1560.002; []; []; []
223;Archive via Utility; ['collection']; ['Linux', 'macOS', 'Windows'];;;2,515145325;0,85;0,77;0,85;0,55;T1560.001; []; []; []
224;Archive Collected Data; ['collection']; ['Linux', 'macOS', 'Windows'];;;2,515145325;0,85;0,77;0,85;0,55;T1560; []; []; []
225;Application or System Exploitation; ['impact']; ['Linux', 'macOS', 'Windows', 'AWS', 'GCP', 'Azure', 'Office 365', 'Azure AD', 'SaaS'];;;2,515145325;0,85;0,77;0,85;0,55;T1499.004; []; []; []
226;Application Exhaustion Flood; ['impact']; ['Linux', 'macOS', 'Windows', 'AWS', 'GCP', 'Azure', 'Office 365', 'Azure AD', 'SaaS'];;;2,515145325;0,85;0,77;0,85;0,55;T1499.003; []; []; []
227;Service Exhaustion Flood; ['impact']; ['Linux', 'macOS', 'Windows', 'AWS', 'GCP', 'Azure', 'Office 365', 'Azure AD', 'SaaS'];;;3,887042775;0,85;0,77;0,85;0,85;T1499.002; []; ['CAPEC-488', 'CAPEC-489', 'CAPEC-528']; ['
228;OS Exhaustion Flood; ['impact']; ['Linux', 'macOS', 'Windows'];;;3,887042775;0,85;0,77;0,85;0,85;T1499.001; []; ['CAPEC-469', 'CAPEC-482'];" []"", '"
229;External Defacement; ['impact']; ['Linux', 'macOS', 'Windows', 'AWS', 'GCP', 'Azure'];;;3,887042775;0,85;0,77;0,85;0,85;T1491.002; []; []; []
230;Internal Defacement; ['impact']; ['Linux', 'macOS', 'Windows'];;;3,887042775;0,85;0,77;0,85;0,85;T1491.001; []; []; []
231;Email Forwarding Rule; ['collection']; ['Office 365', 'Windows'];;;1,83457659;0,62;0,77;0,85;0,55;T1114.003; []; []; []
232;Remote Email Collection; ['collection']; ['Office 365', 'Windows'];;;3,887042775;0,85;0,77;0,85;0,85;T1114.002; []; []; []
233;Local Email Collection; ['collection']; ['Windows'];;;1,83457659;0,62;0,77;0,85;0,55;T1114.001; []; []; []
234;SID-History Injection; ['defense-evasion', 'privilege-escalation']; ['Windows'];;;0,798928515;0,27;0,77;0,85;0,55;T1134.005; []; []; []
235;Parent PID Spoofing; ['defense-evasion', 'privilege-escalation']; ['Windows'];;;1,83457659;0,62;0,77;0,85;0,55;T1134.004; []; []; []
236;Make and Impersonate Token; ['defense-evasion', 'privilege-escalation']; ['Windows'];;;1,83457659;0,62;0,77;0,85;0,55;T1134.003; []; []; []
237;Create Process with Token; ['defense-evasion', 'privilege-escalation']; ['Windows'];;;2,515145325;0,85;0,77;0,85;0,55;T1134.002; []; []; []
238;Token Impersonation/Theft; ['defense-evasion', 'privilege-escalation']; ['Windows'];;;2,515145325;0,85;0,77;0,85;0,55;T1134.001; []; []; []
239;Sharepoint; ['collection']; ['Windows', 'Office 365'];;;1,83457659;0,62;0,77;0,85;0,55;T1213.002; []; []; []
240;Confluence; ['collection']; ['SaaS'];;;1,83457659;0,62;0,77;0,85;0,55;T1213.001; []; []; []
241;Credentials from Web Browsers; ['credential-access']; ['Linux', 'macOS', 'Windows'];;;1,83457659;0,62;0,77;0,85;0,55;T1555.003; []; []; []
242;Securityd Memory; ['credential-access']; ['Linux', 'macOS'];;;0,798928515;0,27;0,77;0,85;0,55;T1555.002; []; []; []
243;Keychain; ['credential-access']; ['macOS'];;;0,798928515;0,27;0,77;0,85;0,55;T1555.001; []; []; []
244;Dynamic Data Exchange; ['execution']; ['Windows'];;;1,83457659;0,62;0,77;0,85;0,55;T1559.002; []; []; []
245;Component Object Model; ['execution']; ['Windows'];;;2,515145325;0,85;0,77;0,85;0,55;T1559.001; []; []; []
246;Inter-Process Communication; ['execution']; ['Windows'];;;1,83457659;0,62;0,77;0,85;0,55;T1559; []; []; []
247;Silver Ticket; ['credential-access']; ['Windows'];;;1,83457659;0,62;0,77;0,85;0,55;T1558.002; []; []; []
248;Golden Ticket; ['credential-access']; ['Windows'];;;1,83457659;0,62;0,77;0,85;0,55;T1558.001; []; []; []
249;Steal or Forge Kerberos Tickets; ['credential-access']; ['Windows'];;;2,83525473;0,85;0,77;0,85;0,62;T1558; ['Kerberos authentication enabled']; ['CAPEC-652']; ['Medium']
250;LLMNR/NBT-NS Poisoning and SMB Relay; ['credential-access', 'collection']; ['Windows'];;;2,83525473;0,62;0,77;0,85;0,85;T1557.001; []; []; []
251;Adversary-in-the-Middle; ['credential-access', 'collection']; ['Windows', 'macOS', 'Linux'];;;2,83525473;0,62;0,77;0,85;0,85;T1557; []; ['CAPEC-94']; ['High']
252;Password Filter DLL; ['credential-access', 'defense-evasion']; ['Windows'];;;0,798928515;0,27;0,77;0,85;0,55;T1556.002; []; []; []
253;Domain Controller Authentication; ['credential-access', 'defense-evasion']; ['Windows'];;;0,798928515;0,27;0,77;0,85;0,55;T1556.001; []; []; []
254;Modify Authentication Process; ['credential-access', 'defense-evasion']; ['Windows', 'Linux', 'macOS', 'Network'];;;2,515145325;0,85;0,77;0,85;0,55;T1556; []; []; []
255;Credential API Hooking; ['collection', 'credential-access']; ['Windows'];;;0,798928515;0,27;0,77;0,85;0,55;T1056.004; []; []; []
256;Web Portal Capture; ['collection', 'credential-access']; ['Linux', 'macOS', 'Windows'];;;2,515145325;0,85;0,77;0,85;0,55;T1056.003; ['An externally facing login portal is configured.']; ['CAPEC-569']; ['
257;GUI Input Capture; ['collection', 'credential-access']; ['macOS', 'Windows'];;;1,338161748;0,62;0,77;0,62;0,55;T1056.002; []; ['CAPEC-659']; ['']
258;Keylogging; ['collection', 'credential-access']; ['Windows', 'macOS', 'Linux', 'Network'];;;2,83525473;0,62;0,77;0,85;0,85;T1056.001; []; ['CAPEC-568']; ['
259;Credentials from Password Stores; ['credential-access']; ['Linux', 'macOS', 'Windows'];;;0,798928515;0,27;0,77;0,85;0,55;T1555; []; []; []
260;Cloud Instance Metadata API; ['credential-access']; ['AWS', 'GCP', 'Azure'];;;2,515145325;0,85;0,77;0,85;0,55;T1552.005; []; []; []
261;/etc/passwd and /etc/shadow; ['credential-access']; ['Linux'];;;0,798928515;0,27;0,77;0,85;0,55;T1003.008; []; []; []
262;Proc Filesystem; ['credential-access']; ['Linux'];;;0,798928515;0,27;0,77;0,85;0,55;T1003.007; []; []; []
263;DCSync; ['credential-access']; ['Windows'];;;0,798928515;0,27;0,77;0,85;0,55;T1003.006; []; []; []
264;Kerberoasting; ['credential-access']; ['Windows'];;;2,515145325;0,85;0,77;0,85;0,55;T1558.003; ['Valid domain account or the ability to sniff traffic within a domain']; ['CAPEC-509'];" ["""
265;Group Policy Preferences; ['credential-access']; ['Windows'];;;1,83457659;0,62;0,77;0,85;0,55;T1552.006; []; []; []
266;NTDS; ['credential-access']; ['Windows'];;;0,798928515;0,27;0,77;0,85;0,55;T1003.003; ['Access to Domain Controller or backup']; []; []
267;Security Account Manager; ['credential-access']; ['Windows'];;;0,798928515;0,27;0,77;0,85;0,55;T1003.002; []; []; []
268;LSASS Memory; ['credential-access']; ['Windows'];;;0,798928515;0,27;0,77;0,85;0,55;T1003.001; []; []; []
269;Credential Stuffing; ['credential-access']; ['Linux', 'macOS', 'Windows', 'AWS', 'GCP', 'Azure', 'Office 365', 'Azure AD', 'SaaS'];;;1,83457659;0,62;0,77;0,85;0,55;T1110.004; []; ['CAPEC-600']; ['High']
270;Password Spraying; ['credential-access']; ['Linux', 'macOS', 'Windows', 'AWS', 'GCP', 'Azure', 'Office 365', 'Azure AD', 'SaaS'];;;1,83457659;0,62;0,77;0,85;0,55;T1110.003; []; ['CAPEC-565']; ['High']
271;Password Cracking; ['credential-access']; ['Linux', 'macOS', 'Windows', 'Office 365', 'Azure AD'];;;1,83457659;0,62;0,77;0,85;0,55;T1110.002; []; ['CAPEC-55']; ['Medium']
272;Password Guessing; ['credential-access']; ['Linux', 'macOS', 'Windows', 'Office 365', 'GCP', 'Azure AD', 'AWS', 'Azure', 'SaaS'];;;1,83457659;0,62;0,77;0,85;0,55;T1110.001; []; ['CAPEC-49']; ['Medium']
273;Windows Remote Management; ['lateral-movement']; ['Windows'];;;2,83525473;0,62;0,77;0,85;0,85;T1021.006; []; []; []
274;VNC; ['lateral-movement']; ['Linux', 'macOS', 'Windows'];;;2,2211673;0,85;0,44;0,85;0,85;T1021.005; ['VNC server installed and listening for connections.']; ['CAPEC-555']; ['
275;SSH; ['lateral-movement']; ['Linux', 'macOS'];;;2,2211673;0,85;0,44;0,85;0,85;T1021.004; ['An SSH server is configured and running.']; ['CAPEC-555']; ['
276;Distributed Component Object Model; ['lateral-movement']; ['Windows'];;;1,234707705;0,27;0,77;0,85;0,85;T1021.003; []; []; []
277;SMB/Windows Admin Shares; ['lateral-movement']; ['Windows'];;;1,04832948;0,62;0,44;0,85;0,55;T1021.002; ['SMB enabled and  Host/network firewalls not blocking SMB ports between source and destination and  Use of domain account in administrator group on remote system or default system admin account.']; ['CAPEC-561'];" ['Low[Once an adversary obtains a known Windows credential, leveraging it is trivial.]']""]"
278;Remote Desktop Protocol; ['lateral-movement']; ['Windows'];;;1,62014556;0,62;0,44;0,85;0,85;T1021.001; ['RDP service enabled, account in the Remote Desktop Users group']; ['CAPEC-555']; ['
279;Compromise Client Software Binary; ['persistence']; ['Linux', 'macOS', 'Windows'];;;2,515145325;0,85;0,77;0,85;0,55;T1554; []; []; []
280;Space after Filename; ['defense-evasion']; ['Linux', 'macOS'];;;1,338161748;0,62;0,77;0,62;0,55;T1036.006; []; ['CAPEC-649']; ['Low']
281;Match Legitimate Name or Location; ['defense-evasion']; ['Linux', 'macOS', 'Windows'];;;1,4372259;0,85;0,44;0,85;0,55;T1036.005; []; ['CAPEC-177']; []']
282;Masquerade Task or Service; ['defense-evasion']; ['Windows', 'Linux'];;;1,83457659;0,62;0,77;0,85;0,55;T1036.004; []; []; []
283;Rename System Utilities; ['defense-evasion']; ['Linux', 'macOS', 'Windows'];;;2,515145325;0,85;0,77;0,85;0,55;T1036.003; []; []; []
284;Right-to-Left Override; ['defense-evasion']; ['Linux', 'macOS', 'Windows'];;;2,515145325;0,85;0,77;0,85;0,55;T1036.002; []; []; []
285;Invalid Code Signature; ['defense-evasion']; ['macOS', 'Windows'];;;2,515145325;0,85;0,77;0,85;0,55;T1036.001; []; []; []
286;SIP and Trust Provider Hijacking; ['defense-evasion']; ['Windows'];;;0,798928515;0,27;0,77;0,85;0,55;T1553.003; []; []; []
287;Code Signing; ['defense-evasion']; ['macOS', 'Windows'];;;2,515145325;0,85;0,77;0,85;0,55;T1553.002; []; []; []
288;Gatekeeper Bypass; ['defense-evasion']; ['macOS'];;;1,338161748;0,62;0,77;0,62;0,55;T1553.001; []; []; []
289;Subvert Trust Controls; ['defense-evasion']; ['Windows', 'macOS', 'Linux'];;;2,515145325;0,85;0,77;0,85;0,55;T1553; []; []; []
290;Steganography; ['defense-evasion']; ['Linux', 'macOS', 'Windows'];;;1,4372259;0,85;0,44;0,85;0,55;T1027.003; []; ['CAPEC-636']; ['
291;Software Packing; ['defense-evasion']; ['macOS', 'Windows'];;;2,515145325;0,85;0,77;0,85;0,55;T1027.002; []; ['CAPEC-570']; ['
292;Binary Padding; ['defense-evasion']; ['Linux', 'macOS', 'Windows'];;;2,515145325;0,85;0,77;0,85;0,55;T1027.001; []; ['CAPEC-572', 'CAPEC-655']; ['High', 'High']
293;Linux and Mac File and Directory Permissions Modification; ['defense-evasion']; ['macOS', 'Linux'];;;1,83457659;0,62;0,77;0,85;0,55;T1222.002; []; []; []
294;Windows File and Directory Permissions Modification; ['defense-evasion']; ['Windows'];;;1,83457659;0,62;0,77;0,85;0,55;T1222.001; []; []; []
295;Private Keys; ['credential-access']; ['Linux', 'macOS', 'Windows'];;;1,83457659;0,62;0,77;0,85;0,55;T1552.004; []; []; []
296;Bash History; ['credential-access']; ['Linux', 'macOS'];;;1,83457659;0,62;0,77;0,85;0,55;T1552.003; []; []; []
297;Credentials in Registry; ['credential-access']; ['Windows'];;;1,83457659;0,62;0,77;0,85;0,55;T1552.002;" [""Ability to query some Registry locations depends on the adversary's level of access. User permissions are usually limited to access of user-related Registry keys.""]"; []; []
298;Credentials In Files; ['credential-access']; ['Linux', 'macOS', 'Windows', 'AWS', 'GCP', 'Azure'];;;1,83457659;0,62;0,77;0,85;0,55;T1552.001; ['Access to files']; ['CAPEC-639']; ['
299;Unsecured Credentials; ['credential-access']; ['Linux', 'macOS', 'Windows', 'AWS', 'GCP', 'Azure', 'Office 365', 'Azure AD', 'SaaS'];;;1,83457659;0,62;0,77;0,85;0,55;T1552; []; []; []
300;PubPrn; ['defense-evasion']; ['Windows'];;;1,83457659;0,62;0,77;0,85;0,55;T1216.001; []; []; []
301;Timestomp; ['defense-evasion']; ['Linux', 'macOS', 'Windows'];;;1,83457659;0,62;0,77;0,85;0,55;T1070.006; []; []; []
302;Network Share Connection Removal; ['defense-evasion']; ['Windows'];;;2,83525473;0,62;0,77;0,85;0,85;T1070.005; ['Established network share connection to a remote system. Level of access depends on permissions of the account used.']; []; []
303;File Deletion; ['defense-evasion']; ['Linux', 'macOS', 'Windows'];;;1,83457659;0,62;0,77;0,85;0,55;T1070.004; []; []; []
304;Clear Command History; ['defense-evasion']; ['Linux', 'macOS', 'Windows'];;;1,83457659;0,62;0,77;0,85;0,55;T1070.003; []; []; []
305;Web Session Cookie; ['defense-evasion', 'lateral-movement']; ['Office 365', 'SaaS'];;;2,515145325;0,85;0,77;0,85;0,55;T1550.004; []; ['CAPEC-60']; ['High']
306;Application Access Token; ['defense-evasion', 'lateral-movement']; ['Office 365', 'SaaS'];;;3,887042775;0,85;0,77;0,85;0,85;T1550.001; []; ['CAPEC-593']; ['High']
307;Pass the Ticket; ['defense-evasion', 'lateral-movement']; ['Windows'];;;0,9145983;0,85;0,77;0,85;0,2;T1550.003; ['Kerberos authentication enabled']; ['CAPEC-645']; ['Low']
308;Pass the Hash; ['defense-evasion', 'lateral-movement']; ['Windows'];;;1,4372259;0,85;0,44;0,85;0,55;T1550.002; []; ['CAPEC-644']; ['Medium']
309;Use Alternate Authentication Material; ['defense-evasion', 'lateral-movement']; ['Windows', 'Office 365', 'SaaS'];;;1,83457659;0,85;0,77;0,62;0,55;T1550; []; []; []
310;Elevated Execution with Prompt; ['privilege-escalation', 'defense-evasion']; ['macOS'];;;1,338161748;0,62;0,77;0,62;0,55;T1548.004; []; []; []
311;Sudo and Sudo Caching; ['privilege-escalation', 'defense-evasion']; ['Linux', 'macOS'];;;1,83457659;0,62;0,77;0,85;0,55;T1548.003; []; []; []
312;Bypass User Account Control; ['privilege-escalation', 'defense-evasion']; ['Windows'];;;1,338161748;0,62;0,77;0,62;0,55;T1548.002; []; []; []
313;Setuid and Setgid; ['privilege-escalation', 'defense-evasion']; ['Linux', 'macOS'];;;1,83457659;0,62;0,77;0,85;0,55;T1548.001; []; []; []
314;Abuse Elevation Control Mechanism; ['privilege-escalation', 'defense-evasion']; ['Linux', 'macOS', 'Windows'];;;1,83457659;0,62;0,77;0,85;0,55;T1548; []; []; []
315;Cloud Account; ['persistence']; ['AWS', 'GCP', 'Azure', 'Office 365', 'Azure AD'];;;0,798928515;0,27;0,77;0,85;0,55;T1136.003; []; []; []
316;Clear Linux or Mac System Logs; ['defense-evasion']; ['Linux', 'macOS'];;;2,515145325;0,85;0,77;0,85;0,55;T1070.002; []; []; []
317;Clear Windows Event Logs; ['defense-evasion']; ['Windows'];;;0,798928515;0,27;0,77;0,85;0,55;T1070.001; ['Clearing the Windows event logs requires Administrator permissions']; []; []
318;Domain Account; ['persistence']; ['Windows', 'macOS', 'Linux'];;;0,798928515;0,27;0,77;0,85;0,55;T1136.002; []; []; []
319;Local Account; ['persistence']; ['Linux', 'macOS', 'Windows'];;;0,798928515;0,27;0,77;0,85;0,55;T1136.001; []; []; []
320;Plist Modification; ['persistence', 'privilege-escalation']; ['macOS'];;;1,338161748;0,62;0,77;0,62;0,55;T1547.011; []; []; []
321;Port Monitors; ['persistence', 'privilege-escalation']; ['Windows'];;;0,798928515;0,27;0,77;0,85;0,55;T1547.010; []; []; []
322;Shortcut Modification; ['persistence', 'privilege-escalation']; ['Windows'];;;1,83457659;0,62;0,77;0,85;0,55;T1547.009; []; ['CAPEC-132']; ['Low']
323;LSASS Driver; ['persistence', 'privilege-escalation']; ['Windows'];;;0,798928515;0,27;0,77;0,85;0,55;T1547.008; []; []; []
324;Re-opened Applications; ['persistence', 'privilege-escalation']; ['macOS'];;;1,83457659;0,62;0,77;0,85;0,55;T1547.007; []; []; []
325;Kernel Modules and Extensions; ['persistence', 'privilege-escalation']; ['macOS', 'Linux'];;;0,798928515;0,27;0,77;0,85;0,55;T1547.006; []; []; []
326;Security Support Provider; ['persistence', 'privilege-escalation']; ['Windows'];;;0,798928515;0,27;0,77;0,85;0,55;T1547.005; []; []; []
327;Winlogon Helper DLL; ['persistence', 'privilege-escalation']; ['Windows'];;;0,332998776;0,27;0,44;0,62;0,55;T1547.004; []; ['CAPEC-579']; ['
328;Time Providers; ['persistence', 'privilege-escalation']; ['Windows'];;;0,798928515;0,27;0,77;0,85;0,55;T1547.003; []; []; []
329;Emond; ['privilege-escalation', 'persistence']; ['macOS'];;;0,798928515;0,27;0,77;0,85;0,55;T1546.014; []; []; []
330;PowerShell Profile; ['privilege-escalation', 'persistence']; ['Windows'];;;1,83457659;0,62;0,77;0,85;0,55;T1546.013; []; []; []
331;Image File Execution Options Injection; ['privilege-escalation', 'persistence']; ['Windows'];;;0,798928515;0,27;0,77;0,85;0,55;T1546.012; []; []; []
332;Odbcconf; ['defense-evasion']; ['Windows'];;;1,83457659;0,62;0,77;0,85;0,55;T1218.008; []; []; []
333;Application Shimming; ['privilege-escalation', 'persistence']; ['Windows'];;;0,798928515;0,27;0,77;0,85;0,55;T1546.011; []; []; []
334;Authentication Package; ['persistence', 'privilege-escalation']; ['Windows'];;;0,798928515;0,27;0,77;0,85;0,55;T1547.002; []; []; []
335;AppInit DLLs; ['privilege-escalation', 'persistence']; ['Windows'];;;0,798928515;0,27;0,77;0,85;0,55;T1546.010; ['Secure boot disabled on systems running Windows 8 and later']; []; []
336;AppCert DLLs; ['privilege-escalation', 'persistence']; ['Windows'];;;0,798928515;0,27;0,77;0,85;0,55;T1546.009; []; []; []
337;Msiexec; ['defense-evasion']; ['Windows'];;;1,83457659;0,62;0,77;0,85;0,55;T1218.007; []; []; []
338;Accessibility Features; ['privilege-escalation', 'persistence']; ['Windows'];;;0,582747858;0,27;0,77;0,62;0,55;T1546.008; []; ['CAPEC-558']; ['Low']
339;Netsh Helper DLL; ['privilege-escalation', 'persistence']; ['Windows'];;;0,798928515;0,27;0,77;0,85;0,55;T1546.007; []; []; []
340;LC_LOAD_DYLIB Addition; ['privilege-escalation', 'persistence']; ['macOS'];;;1,83457659;0,62;0,77;0,85;0,55;T1546.006; []; []; []
341;Trap; ['privilege-escalation', 'persistence']; ['macOS', 'Linux'];;;1,83457659;0,62;0,77;0,85;0,55;T1546.005; []; []; []
342;Unix Shell Configuration Modification; ['privilege-escalation', 'persistence']; ['Linux', 'macOS'];;;1,338161748;0,62;0,77;0,62;0,55;T1546.004; []; []; []
343;Windows Management Instrumentation Event Subscription; ['privilege-escalation', 'persistence']; ['Windows'];;;0,798928515;0,27;0,77;0,85;0,55;T1546.003; []; []; []
344;Screensaver; ['privilege-escalation', 'persistence']; ['Windows'];;;1,83457659;0,62;0,77;0,85;0,55;T1546.002; []; []; []
345;Change Default File Association; ['privilege-escalation', 'persistence']; ['Windows'];;;1,04832948;0,62;0,44;0,85;0,55;T1546.001; []; ['CAPEC-556']; ['
346;Registry Run Keys / Startup Folder; ['persistence', 'privilege-escalation']; ['Windows'];;;1,338161748;0,62;0,77;0,62;0,55;T1547.001; []; ['CAPEC-270']; ['Medium']
347;Control Panel; ['defense-evasion']; ['Windows'];;;1,83457659;0,62;0,77;0,85;0,55;T1218.002; []; []; []
348;Regsvr32; ['defense-evasion']; ['Windows'];;;1,83457659;0,62;0,77;0,85;0,55;T1218.010; []; []; []
349;Regsvcs/Regasm; ['defense-evasion']; ['Windows'];;;1,83457659;0,62;0,77;0,85;0,55;T1218.009; []; []; []
350;Mshta; ['defense-evasion']; ['Windows'];;;1,83457659;0,62;0,77;0,85;0,55;T1218.005; []; []; []
351;InstallUtil; ['defense-evasion']; ['Windows'];;;1,83457659;0,62;0,77;0,85;0,55;T1218.004; []; []; []
352;Compiled HTML File; ['defense-evasion']; ['Windows'];;;1,83457659;0,62;0,77;0,85;0,55;T1218.001; []; []; []
353;CMSTP; ['defense-evasion']; ['Windows'];;;1,83457659;0,62;0,77;0,85;0,55;T1218.003; []; []; []
354;Rundll32; ['defense-evasion']; ['Windows'];;;1,83457659;0,62;0,77;0,85;0,55;T1218.011; []; []; []
355;Boot or Logon Autostart Execution; ['persistence', 'privilege-escalation']; ['Linux', 'macOS', 'Windows'];;;1,04832948;0,62;0,44;0,85;0,55;T1547; []; ['CAPEC-564']; ['
356;Event Triggered Execution; ['privilege-escalation', 'persistence']; ['Linux', 'macOS', 'Windows'];;;2,515145325;0,85;0,77;0,85;0,55;T1546; []; []; []
357;Add Office 365 Global Administrator Role; ['persistence']; ['Office 365'];;;0,798928515;0,27;0,77;0,85;0,55;T1098.003; []; []; []
358;Exchange Email Delegate Permissions; ['persistence']; ['Windows', 'Office 365'];;;0,798928515;0,27;0,77;0,85;0,55;T1098.002; []; []; []
359;Additional Cloud Credentials; ['persistence']; ['Azure AD', 'Azure', 'AWS', 'GCP'];;;1,83457659;0,62;0,77;0,85;0,55;T1098.001; []; []; []
360;Launch Daemon; ['persistence', 'privilege-escalation']; ['macOS'];;;0,45653058;0,27;0,44;0,85;0,55;T1543.004; []; ['CAPEC-550', 'CAPEC-551']; ['
361;Windows Service; ['persistence', 'privilege-escalation']; ['Windows'];;;2,515145325;0,85;0,77;0,85;0,55;T1543.003; []; ['CAPEC-478', 'CAPEC-550', 'CAPEC-551']; ['Low', '
362;Systemd Service; ['persistence', 'privilege-escalation']; ['Linux'];;;1,04832948;0,62;0,44;0,85;0,55;T1543.002; []; ['CAPEC-550', 'CAPEC-551']; ['
363;Launch Agent; ['persistence', 'privilege-escalation']; ['macOS'];;;1,83457659;0,62;0,77;0,85;0,55;T1543.001; []; []; []
364;Startup Items; ['persistence', 'privilege-escalation']; ['macOS'];;;0,798928515;0,27;0,77;0,85;0,55;T1037.005; []; []; []
365;RC Scripts; ['persistence', 'privilege-escalation']; ['macOS'];;;0,798928515;0,27;0,77;0,85;0,55;T1037.004; []; []; []
366;Process Hollowing; ['defense-evasion', 'privilege-escalation']; ['Windows'];;;1,83457659;0,62;0,77;0,85;0,55;T1055.012; []; []; []
367;Process Doppelg√§nging; ['defense-evasion', 'privilege-escalation']; ['Windows'];;;1,83457659;0,62;0,77;0,85;0,55;T1055.013; []; []; []
368;Extra Window Memory Injection; ['defense-evasion', 'privilege-escalation']; ['Windows'];;;2,515145325;0,85;0,77;0,85;0,55;T1055.011; []; []; []
369;VDSO Hijacking; ['defense-evasion', 'privilege-escalation']; ['Linux'];;;2,515145325;0,85;0,77;0,85;0,55;T1055.014; []; []; []
370;Proc Memory; ['defense-evasion', 'privilege-escalation']; ['Linux'];;;2,515145325;0,85;0,77;0,85;0,55;T1055.009; []; []; []
371;Ptrace System Calls; ['defense-evasion', 'privilege-escalation']; ['Linux'];;;2,515145325;0,85;0,77;0,85;0,55;T1055.008; []; []; []
372;Thread Local Storage; ['defense-evasion', 'privilege-escalation']; ['Windows'];;;2,515145325;0,85;0,77;0,85;0,55;T1055.005; []; []; []
373;Asynchronous Procedure Call; ['defense-evasion', 'privilege-escalation']; ['Windows'];;;2,515145325;0,85;0,77;0,85;0,55;T1055.004; []; []; []
374;Thread Execution Hijacking; ['defense-evasion', 'privilege-escalation']; ['Windows'];;;1,83457659;0,62;0,77;0,85;0,55;T1055.003; []; []; []
375;Portable Executable Injection; ['defense-evasion', 'privilege-escalation']; ['Windows'];;;1,83457659;0,62;0,77;0,85;0,55;T1055.002; []; []; []
376;Dynamic-link Library Injection; ['defense-evasion', 'privilege-escalation']; ['Windows'];;;1,83457659;0,62;0,77;0,85;0,55;T1055.001; []; []; []
377;Network Logon Script; ['persistence', 'privilege-escalation']; ['Windows'];;;2,515145325;0,85;0,77;0,85;0,55;T1037.003; []; []; []
378;Create or Modify System Process; ['persistence', 'privilege-escalation']; ['Windows', 'macOS', 'Linux'];;;2,515145325;0,85;0,77;0,85;0,55;T1543; []; []; []
379;Logon Script (Mac); ['persistence', 'privilege-escalation']; ['macOS'];;;2,515145325;0,85;0,77;0,85;0,55;T1037.002; []; []; []
380;Logon Script (Windows); ['persistence', 'privilege-escalation']; ['Windows'];;;2,515145325;0,85;0,77;0,85;0,55;T1037.001; []; []; []
381;Bootkit; ['persistence', 'defense-evasion']; ['Linux', 'Windows'];;;0,798928515;0,27;0,77;0,85;0,55;T1542.003; []; ['CAPEC-552']; ['Medium']
382;Component Firmware; ['persistence', 'defense-evasion']; ['Windows'];;;0,798928515;0,27;0,77;0,85;0,55;T1542.002; ['Ability to update component device firmware from the host operating system.']; []; []
383;System Firmware; ['persistence', 'defense-evasion']; ['Windows'];;;0,798928515;0,27;0,77;0,85;0,55;T1542.001; []; ['CAPEC-532']; ['Low']
384;Web Shell; ['persistence']; ['Linux', 'Windows', 'macOS'];;;1,62014556;0,62;0,44;0,85;0,85;T1505.003; ['Adversary access to Web server with vulnerability or account to upload and serve the Web shell file.']; ['CAPEC-650']; ['
385;Transport Agent; ['persistence']; ['Linux', 'Windows'];;;0,798928515;0,27;0,77;0,85;0,55;T1505.002; []; []; []
386;SQL Stored Procedures; ['persistence']; ['Windows', 'Linux'];;;0,798928515;0,27;0,77;0,85;0,55;T1505.001; []; []; []
387;Cron; ['execution', 'persistence', 'privilege-escalation']; ['Linux', 'macOS'];;;1,83457659;0,62;0,77;0,85;0,55;T1053.003; []; []; []
388;At (Linux); ['execution', 'persistence', 'privilege-escalation']; ['Linux'];;;2,83525473;0,62;0,77;0,85;0,85;T1053.001; []; []; []
389;Scheduled Task; ['execution', 'persistence', 'privilege-escalation']; ['Windows'];;;1,234707705;0,27;0,77;0,85;0,85;T1053.005; []; []; []
390;At (Windows); ['execution', 'persistence', 'privilege-escalation']; ['Windows'];;;1,234707705;0,27;0,77;0,85;0,85;T1053.002; []; []; []
391;Pre-OS Boot; ['defense-evasion', 'persistence']; ['Linux', 'Windows', 'Network'];;;0,798928515;0,27;0,77;0,85;0,55;T1542; []; []; []
392;Office Template Macros; ['persistence']; ['Windows', 'Office 365'];;;1,83457659;0,62;0,77;0,85;0,55;T1137.001; []; []; []
393;Outlook Home Page; ['persistence']; ['Windows', 'Office 365'];;;1,338161748;0,62;0,77;0,62;0,55;T1137.004; []; []; []
394;Outlook Forms; ['persistence']; ['Windows', 'Office 365'];;;1,338161748;0,62;0,77;0,62;0,55;T1137.003; []; []; []
395;Outlook Rules; ['persistence']; ['Windows', 'Office 365'];;;1,338161748;0,62;0,77;0,62;0,55;T1137.005; []; []; []
396;Add-ins; ['persistence']; ['Windows', 'Office 365'];;;1,83457659;0,62;0,77;0,85;0,55;T1137.006; []; []; []
397;Office Test; ['persistence']; ['Windows', 'Office 365'];;;1,83457659;0,62;0,77;0,85;0,55;T1137.002; ['Office 2007, 2010, 2013, and 2016']; []; []
398;Account Access Removal; ['impact']; ['Linux', 'macOS', 'Windows'];;;1,83457659;0,62;0,77;0,85;0,55;T1531; []; []; []
399;Steal Web Session Cookie; ['credential-access']; ['Linux', 'macOS', 'Windows', 'Office 365', 'SaaS'];;;1,83457659;0,62;0,77;0,85;0,55;T1539; []; []; []
400;System Shutdown/Reboot; ['impact']; ['Linux', 'macOS', 'Windows'];;;1,83457659;0,62;0,77;0,85;0,55;T1529; []; []; []
401;Software Discovery; ['discovery']; ['Linux', 'macOS', 'Windows', 'AWS', 'GCP', 'Azure', 'Office 365', 'Azure AD', 'SaaS'];;;2,068068156;0,62;0,77;0,85;0,62;T1518; []; ['CAPEC-580']; ['Low']
402;Internal Spearphishing; ['lateral-movement']; ['Windows', 'macOS', 'Linux', 'Office 365', 'SaaS'];;;1,338161748;0,62;0,77;0,62;0,55;T1534; []; []; []
403;Steal Application Access Token; ['credential-access']; ['SaaS', 'Office 365', 'Azure AD'];;;1,338161748;0,62;0,77;0,62;0,55;T1528; []; []; []
404;Unused/Unsupported Cloud Regions; ['defense-evasion']; ['AWS', 'GCP', 'Azure'];;;1,83457659;0,62;0,77;0,85;0,55;T1535; []; []; []
405;Implant Internal Image; ['persistence']; ['GCP', 'Azure', 'AWS'];;;1,83457659;0,62;0,77;0,85;0,55;T1525; []; []; []
406;Cloud Service Dashboard; ['discovery']; ['AWS', 'GCP', 'Azure', 'Azure AD', 'Office 365'];;;1,83457659;0,62;0,77;0,85;0,55;T1538; []; []; []
407;Data from Cloud Storage Object; ['collection']; ['AWS', 'GCP', 'Azure'];;;1,83457659;0,62;0,77;0,85;0,55;T1530; []; []; []
408;Modify Cloud Compute Infrastructure; ['defense-evasion']; ['AWS', 'GCP', 'Azure'];;;1,83457659;0,62;0,77;0,85;0,55;T1578; []; []; []
409;Transfer Data to Cloud Account; ['exfiltration']; ['Azure', 'AWS', 'GCP'];;;2,83525473;0,62;0,77;0,85;0,85;T1537; []; []; []
410;Cloud Service Discovery; ['discovery']; ['AWS', 'GCP', 'Azure', 'Azure AD', 'Office 365', 'SaaS'];;;1,83457659;0,62;0,77;0,85;0,55;T1526; []; []; []
411;Server Software Component; ['persistence']; ['Windows', 'Linux', 'macOS'];;;1,234707705;0,27;0,77;0,85;0,85;T1505; []; []; []
412;Endpoint Denial of Service; ['impact']; ['Linux', 'macOS', 'Windows', 'AWS', 'GCP', 'Azure', 'Office 365', 'Azure AD', 'SaaS'];;;3,887042775;0,85;0,77;0,85;0,85;T1499; []; ['CAPEC-227', 'CAPEC-131', 'CAPEC-130', 'CAPEC-125'];" []"", 'Medium', 'Medium', 'High']"
413;Virtualization/Sandbox Evasion; ['defense-evasion', 'discovery']; ['Windows', 'macOS', 'Linux'];;;2,515145325;0,85;0,77;0,85;0,55;T1497; []; []; []
414;Network Denial of Service; ['impact']; ['Linux', 'macOS', 'Windows', 'AWS', 'GCP', 'Azure AD', 'SaaS', 'Azure', 'Office 365'];;;3,887042775;0,85;0,77;0,85;0,85;T1498; []; []; []
415;Resource Hijacking; ['impact']; ['Linux', 'macOS', 'Windows', 'AWS', 'GCP', 'Azure'];;;2,83525473;0,62;0,77;0,85;0,85;T1496; []; []; []
416;Firmware Corruption; ['impact']; ['Linux', 'macOS', 'Windows'];;;0,798928515;0,27;0,77;0,85;0,55;T1495; []; []; []
417;Defacement; ['impact']; ['Linux', 'macOS', 'Windows', 'AWS', 'GCP', 'Azure'];;;3,887042775;0,85;0,77;0,85;0,85;T1491; []; []; []
418;Inhibit System Recovery; ['impact']; ['Windows', 'macOS', 'Linux'];;;1,83457659;0,62;0,77;0,85;0,55;T1490; []; []; []
419;Service Stop; ['impact']; ['Windows', 'Linux', 'macOS'];;;1,83457659;0,62;0,77;0,85;0,55;T1489; []; []; []
420;Data Encrypted for Impact; ['impact']; ['Linux', 'macOS', 'Windows'];;;1,83457659;0,62;0,77;0,85;0,55;T1486; []; []; []
421;Data Destruction; ['impact']; ['Linux', 'macOS', 'Windows'];;;1,83457659;0,62;0,77;0,85;0,55;T1485; []; []; []
422;Group Policy Modification; ['defense-evasion', 'privilege-escalation']; ['Windows'];;;1,83457659;0,62;0,77;0,85;0,55;T1484.001; []; []; []
423;Domain Trust Discovery; ['discovery']; ['Windows'];;;1,83457659;0,62;0,77;0,85;0,55;T1482; []; []; []
424;Execution Guardrails; ['defense-evasion']; ['Linux', 'macOS', 'Windows'];;;1,83457659;0,62;0,77;0,85;0,55;T1480; []; []; []
425;File and Directory Permissions Modification; ['defense-evasion']; ['Linux', 'Windows', 'macOS'];;;1,83457659;0,62;0,77;0,85;0,55;T1222; []; []; []
426;Template Injection; ['defense-evasion']; ['Windows'];;;1,83457659;0,62;0,77;0,85;0,55;T1221; []; []; []
427;XSL Script Processing; ['defense-evasion']; ['Windows'];;;1,83457659;0,62;0,77;0,85;0,55;T1220; ['Microsoft Core XML Services (MSXML) or access to wmic.exe']; []; []
428;Browser Bookmark Discovery; ['discovery']; ['Linux', 'Windows', 'macOS'];;;1,83457659;0,62;0,77;0,85;0,55;T1217; []; []; []
429;Exploit Public-Facing Application; ['initial-access']; ['Linux', 'Windows', 'macOS', 'AWS', 'GCP', 'Azure', 'Network'];;;3,887042775;0,85;0,77;0,85;0,85;T1190; []; []; []
430;Exploitation of Remote Services; ['lateral-movement']; ['Linux', 'Windows', 'macOS'];;;3,887042775;0,85;0,77;0,85;0,85;T1210; ['Unpatched software or otherwise vulnerable target. Depending on the target and goal, the system and exploitable service may need to be remotely accessible from the internal network.']; []; []
431;Exploitation for Client Execution; ['execution']; ['Linux', 'Windows', 'macOS'];;;2,068068156;0,62;0,77;0,62;0,85;T1203; ['Remote exploitation for execution requires a remotely accessible service reachable over the network or other vector of access such as spearphishing or drive-by compromise.']; []; []
432;Password Policy Discovery; ['discovery']; ['Windows', 'Linux', 'macOS'];;;2,83525473;0,62;0,77;0,85;0,85;T1201; []; []; []
433;Data from Information Repositories; ['collection']; ['Linux', 'Windows', 'macOS', 'SaaS', 'Office 365'];;;2,83525473;0,62;0,77;0,85;0,85;T1213; []; []; []
434;Supply Chain Compromise; ['initial-access']; ['Linux', 'Windows', 'macOS'];;;1,4372259;0,85;0,44;0,85;0,55;T1195; []; ['CAPEC-437', 'CAPEC-438', 'CAPEC-439']; ['', '
435;Traffic Signaling; ['defense-evasion', 'persistence', 'command-and-control']; ['Linux', 'macOS', 'Windows', 'Network'];;;2,83525473;0,62;0,77;0,85;0,85;T1205; []; []; []
436;BITS Jobs; ['defense-evasion', 'persistence']; ['Windows'];;;1,83457659;0,62;0,77;0,85;0,55;T1197; []; []; []
437;Exploitation for Defense Evasion; ['defense-evasion']; ['Linux', 'Windows', 'macOS'];;;1,83457659;0,62;0,77;0,85;0,55;T1211; []; []; []
438;Remote Access Software; ['command-and-control']; ['Linux', 'Windows', 'macOS'];;;2,83525473;0,62;0,77;0,85;0,85;T1219; []; []; []
439;Signed Script Proxy Execution; ['defense-evasion']; ['Windows'];;;3,887042775;0,85;0,77;0,85;0,85;T1216; []; []; []
440;Trusted Relationship; ['initial-access']; ['Linux', 'Windows', 'macOS', 'AWS', 'GCP', 'Azure', 'SaaS'];;;1,62014556;0,85;0,44;0,85;0,62;T1199; []; []; []
441;Drive-by Compromise; ['initial-access']; ['Windows', 'Linux', 'macOS', 'SaaS'];;;2,068068156;0,62;0,77;0,62;0,85;T1189; []; []; []
442;Exploitation for Credential Access; ['credential-access']; ['Linux', 'Windows', 'macOS'];;;3,887042775;0,85;0,77;0,85;0,85;T1212; []; []; []
443;Signed Binary Proxy Execution; ['defense-evasion']; ['Windows'];;;1,83457659;0,62;0,77;0,85;0,55;T1218; []; []; []
444;Hardware Additions; ['initial-access']; ['Windows', 'Linux', 'macOS', 'Network'];;;3,887042775;0,85;0,77;0,85;0,85;T1200; []; ['CAPEC-440']; ['Low']
445;Indirect Command Execution; ['defense-evasion']; ['Windows'];;;0,798928515;0,27;0,77;0,85;0,55;T1202; []; []; []
446;Rogue Domain Controller; ['defense-evasion']; ['Windows'];;;1,83457659;0,62;0,77;0,85;0,55;T1207; []; []; []
447;User Execution; ['execution']; ['Linux', 'Windows', 'macOS'];;;2,068068156;0,62;0,77;0,62;0,85;T1204; []; []; []
448;Browser Extensions; ['persistence']; ['Linux', 'macOS', 'Windows'];;;1,338161748;0,62;0,77;0,62;0,55;T1176; []; []; []
449;Browser Session Hijacking; ['collection']; ['Windows'];;;0,900610326;0,27;0,77;0,62;0,85;T1185; []; []; []
450;Forced Authentication; ['credential-access']; ['Windows'];;;2,068068156;0,62;0,77;0,62;0,85;T1187; []; []; []
451;Network Share Discovery; ['discovery']; ['macOS', 'Windows', 'Linux'];;;1,83457659;0,62;0,77;0,85;0,55;T1135; []; ['CAPEC-643']; ['Medium']
452;Access Token Manipulation; ['defense-evasion', 'privilege-escalation']; ['Windows'];;;0,798928515;0,27;0,77;0,85;0,55;T1134; []; ['CAPEC-633']; ['
453;Create Account; ['persistence']; ['Linux', 'macOS', 'Windows', 'AWS', 'GCP', 'Azure AD', 'Azure', 'Office 365'];;;1,83457659;0,62;0,77;0,85;0,55;T1136; []; []; []
454;Office Application Startup; ['persistence']; ['Windows', 'Office 365'];;;2,83525473;0,62;0,77;0,85;0,85;T1137; []; []; []
455;Deobfuscate/Decode Files or Information; ['defense-evasion']; ['Windows', 'Linux', 'macOS'];;;1,338161748;0,62;0,77;0,62;0,55;T1140; []; []; []
456;External Remote Services; ['persistence', 'initial-access']; ['Windows', 'Linux'];;;1,62014556;0,62;0,44;0,85;0,85;T1133; []; ['CAPEC-555']; ['
457;Data Encoding; ['command-and-control']; ['Linux', 'macOS', 'Windows'];;;2,83525473;0,62;0,77;0,85;0,85;T1132; []; []; []
458;Shared Modules; ['execution']; ['Windows'];;;1,83457659;0,62;0,77;0,85;0,55;T1129; []; []; []
459;Trusted Developer Utilities Proxy Execution; ['defense-evasion']; ['Windows'];;;1,83457659;0,62;0,77;0,85;0,55;T1127; []; []; []
460;Video Capture; ['collection']; ['Windows', 'macOS'];;;1,83457659;0,62;0,77;0,85;0,55;T1125; []; ['CAPEC-634']; ['Low']
461;System Time Discovery; ['discovery']; ['Windows'];;;2,83525473;0,62;0,77;0,85;0,85;T1124; []; ['CAPEC-295'];" []""]"
462;Audio Capture; ['collection']; ['Linux', 'macOS', 'Windows'];;;1,83457659;0,62;0,77;0,85;0,55;T1123; []; ['CAPEC-634']; ['Low']
463;Peripheral Device Discovery; ['discovery']; ['Windows', 'macOS'];;;2,83525473;0,62;0,77;0,85;0,85;T1120; []; ['CAPEC-646']; ['Low']
464;Automated Collection; ['collection']; ['Linux', 'macOS', 'Windows'];;;1,83457659;0,62;0,77;0,85;0,55;T1119; ['Permissions to access directories and files that store information of interest.']; []; []
465;Clipboard Data; ['collection']; ['Linux', 'Windows', 'macOS'];;;2,515145325;0,85;0,77;0,85;0,55;T1115; []; ['CAPEC-637']; ['Low']
466;Email Collection; ['collection']; ['Windows', 'Office 365'];;;1,83457659;0,62;0,77;0,85;0,55;T1114; []; []; []
467;Screen Capture; ['collection']; ['Linux', 'macOS', 'Windows'];;;2,515145325;0,85;0,77;0,85;0,55;T1113; []; ['CAPEC-648']; ['Medium']
468;Modify Registry; ['defense-evasion']; ['Windows'];;;2,83525473;0,62;0,77;0,85;0,85;T1112; []; ['CAPEC-203'];" ['High[The adversary requires privileged credentials or the development/acquiring of a tailored remote access tool.]']""]"
469;Two-Factor Authentication Interception; ['credential-access']; ['Linux', 'Windows', 'macOS'];;;0,798928515;0,27;0,77;0,85;0,55;T1111; ['Smart card Proxy: Use of smart cards for single or multifactor authentication to access to network resources. Attached smart card reader with card inserted.\n\nOut-of-band one-time code: Access to the device, service, or communications to intercept the one-time code.\n\nHardware token: Access to the seed and algorithm of generating one-time codes.']; []; []
470;Brute Force; ['credential-access']; ['Linux', 'macOS', 'Windows', 'Office 365', 'Azure AD', 'SaaS', 'GCP', 'AWS', 'Azure'];;;1,83457659;0,62;0,77;0,85;0,55;T1110; []; ['CAPEC-49']; ['Medium']
471;Native API; ['execution']; ['Windows', 'macOS', 'Linux'];;;1,83457659;0,62;0,77;0,85;0,55;T1106; []; []; []
472;Ingress Tool Transfer; ['command-and-control']; ['Linux', 'macOS', 'Windows'];;;2,83525473;0,62;0,77;0,85;0,85;T1105; []; []; []
473;Multi-Stage Channels; ['command-and-control']; ['Linux', 'macOS', 'Windows'];;;3,887042775;0,85;0,77;0,85;0,85;T1104; []; []; []
474;Web Service; ['command-and-control']; ['Linux', 'macOS', 'Windows'];;;2,83525473;0,62;0,77;0,85;0,85;T1102; []; []; []
475;Account Manipulation; ['persistence']; ['Windows', 'Office 365', 'Azure', 'GCP', 'Azure AD', 'AWS', 'Linux', 'macOS'];;;2,515145325;0,85;0,77;0,85;0,55;T1098; []; []; []
476;Non-Application Layer Protocol; ['command-and-control']; ['Windows', 'Linux', 'macOS', 'Network'];;;3,887042775;0,85;0,77;0,85;0,85;T1095; []; []; []
477;Communication Through Removable Media; ['command-and-control']; ['Linux', 'macOS', 'Windows'];;;2,515145325;0,85;0,77;0,85;0,55;T1092; []; []; []
478;Replication Through Removable Media; ['lateral-movement', 'initial-access']; ['Windows'];;;1,83457659;0,62;0,77;0,85;0,55;T1091; ['Removable media allowed, Autorun enabled or vulnerability present that allows for code execution']; []; []
479;Proxy; ['command-and-control']; ['Linux', 'macOS', 'Windows', 'Network'];;;3,887042775;0,85;0,77;0,85;0,85;T1090; []; []; []
480;Account Discovery; ['discovery']; ['Linux', 'macOS', 'Windows', 'Office 365', 'Azure AD', 'AWS', 'GCP', 'Azure', 'SaaS'];;;1,83457659;0,62;0,77;0,85;0,55;T1087; []; ['CAPEC-575']; ['Low']
481;File and Directory Discovery; ['discovery']; ['Linux', 'macOS', 'Windows'];;;1,83457659;0,62;0,77;0,85;0,55;T1083; ['Some folders may require Administrator, SYSTEM or specific user depending on permission levels and access controls']; ['CAPEC-127', 'CAPEC-497']; ['High', 'High']
482;System Information Discovery; ['discovery']; ['Linux', 'macOS', 'Windows', 'AWS', 'GCP', 'Azure'];;;2,068068156;0,62;0,77;0,85;0,62;T1082; []; ['CAPEC-312']; ['Medium']
483;Taint Shared Content; ['lateral-movement']; ['Windows'];;;0,764663856;0,62;0,44;0,62;0,55;T1080; ['Access to shared folders and content with write permissions']; ['CAPEC-562']; ['
484;Valid Accounts; ['defense-evasion', 'persistence', 'privilege-escalation', 'initial-access']; ['Linux', 'macOS', 'Windows', 'AWS', 'GCP', 'Azure', 'SaaS', 'Office 365', 'Azure AD'];;;1,04832948;0,62;0,44;0,85;0,55;T1078; []; ['CAPEC-560']; ['High']
485;Data Staged; ['collection']; ['Linux', 'macOS', 'Windows', 'AWS', 'GCP', 'Azure'];;;2,515145325;0,85;0,77;0,85;0,55;T1074; []; []; []
486;Software Deployment Tools; ['execution', 'lateral-movement']; ['Linux', 'macOS', 'Windows'];;;1,62014556;0,62;0,44;0,85;0,85;T1072; []; ['CAPEC-187']; ['High']
487;Application Layer Protocol; ['command-and-control']; ['Linux', 'macOS', 'Windows'];;;3,887042775;0,85;0,77;0,85;0,85;T1071; []; []; []
488;Indicator Removal on Host; ['defense-evasion']; ['Linux', 'macOS', 'Windows'];;;2,515145325;0,85;0,77;0,85;0,55;T1070; []; ['CAPEC-93']; ['High']
489;Permission Groups Discovery; ['discovery']; ['Linux', 'macOS', 'Windows', 'Office 365', 'Azure AD', 'AWS', 'GCP', 'Azure', 'SaaS'];;;1,83457659;0,62;0,77;0,85;0,55;T1069; []; ['CAPEC-576']; ['Low']
490;Exploitation for Privilege Escalation; ['privilege-escalation']; ['Linux', 'macOS', 'Windows'];;;1,83457659;0,62;0,77;0,85;0,55;T1068; []; []; []
491;Command and Scripting Interpreter; ['execution']; ['Linux', 'macOS', 'Windows', 'Network'];;;1,83457659;0,62;0,77;0,85;0,55;T1059; []; []; []
492;Process Discovery; ['discovery']; ['Linux', 'macOS', 'Windows'];;;1,83457659;0,62;0,77;0,85;0,55;T1057; ['Administrator, SYSTEM may provide better process ownership details']; ['CAPEC-573']; ['Low']
493;Input Capture; ['collection', 'credential-access']; ['Linux', 'macOS', 'Windows', 'Network'];;;1,338161748;0,62;0,77;0,62;0,55;T1056; []; ['CAPEC-569']; ['
496;Exfiltration Over Physical Medium; ['exfiltration']; ['Linux', 'macOS', 'Windows'];;;1,83457659;0,85;0,77;0,62;0,55;T1052; ['Presence of physical medium or device']; []; []
497;System Network Connections Discovery; ['discovery']; ['Linux', 'macOS', 'Windows', 'AWS', 'GCP', 'Azure'];;;1,83457659;0,62;0,77;0,85;0,55;T1049; []; []; []
499;Windows Management Instrumentation; ['execution']; ['Windows'];;;2,83525473;0,62;0,77;0,85;0,85;T1047; []; []; []
500;Network Service Scanning; ['discovery']; ['Linux', 'Windows', 'macOS', 'AWS', 'GCP', 'Azure'];;;2,83525473;0,62;0,77;0,85;0,85;T1046; []; ['CAPEC-300'];" []""]"
501;Exfiltration Over C2 Channel; ['exfiltration']; ['Linux', 'macOS', 'Windows'];;;3,887042775;0,85;0,77;0,85;0,85;T1041; []; []; []
502;Network Sniffing; ['credential-access', 'discovery']; ['Linux', 'macOS', 'Windows'];;;1,234707705;0,27;0,77;0,85;0,85;T1040; ['Network interface access and packet capture driver']; ['CAPEC-158'];" ['Low[Adversaries can obtain and set up open-source network sniffing tools easily.]']""]"
503;Data from Network Shared Drive; ['collection']; ['Linux', 'macOS', 'Windows'];;;2,515145325;0,85;0,77;0,85;0,55;T1039; ['Privileges to access network shared drive']; ['CAPEC-639']; ['
506;System Owner/User Discovery; ['discovery']; ['Linux', 'macOS', 'Windows'];;;1,83457659;0,62;0,77;0,85;0,55;T1033; []; ['CAPEC-577']; ['Low']
507;Data Transfer Size Limits; ['exfiltration']; ['Linux', 'macOS', 'Windows'];;;3,887042775;0,85;0,77;0,85;0,85;T1030; []; []; []
508;Scheduled Transfer; ['exfiltration']; ['Linux', 'macOS', 'Windows'];;;3,887042775;0,85;0,77;0,85;0,85;T1029; []; []; []
509;Obfuscated Files or Information; ['defense-evasion']; ['Linux', 'macOS', 'Windows'];;;2,83525473;0,85;0,77;0,62;0,85;T1027; []; ['CAPEC-267']; ['High']
510;Data from Removable Media; ['collection']; ['Linux', 'macOS', 'Windows'];;;2,515145325;0,85;0,77;0,85;0,55;T1025; ['Privileges to access removable media drive and files']; []; []
511;Remote Services; ['lateral-movement']; ['Linux', 'macOS', 'Windows'];;;3,887042775;0,85;0,77;0,85;0,85;T1021; ['Active remote service accepting connections and valid credentials']; ['CAPEC-555']; ['
512;Automated Exfiltration; ['exfiltration']; ['Linux', 'macOS', 'Windows', 'Network'];;;3,887042775;0,85;0,77;0,85;0,85;T1020; []; []; []
513;Remote System Discovery; ['discovery']; ['Linux', 'macOS', 'Windows'];;;2,83525473;0,62;0,77;0,85;0,85;T1018; []; ['CAPEC-292'];" []""]"
514;System Network Configuration Discovery; ['discovery']; ['Linux', 'macOS', 'Windows'];;;1,83457659;0,62;0,77;0,85;0,55;T1016; []; ['CAPEC-309'];" []""]"
515;Rootkit; ['defense-evasion']; ['Linux', 'macOS', 'Windows'];;;0,798928515;0,27;0,77;0,85;0,55;T1014; []; ['CAPEC-552']; ['Medium']
516;Query Registry; ['discovery']; ['Windows'];;;1,83457659;0,62;0,77;0,85;0,55;T1012; []; ['CAPEC-647']; ['Medium']
517;Exfiltration Over Other Network Medium; ['exfiltration']; ['Linux', 'macOS', 'Windows'];;;3,887042775;0,85;0,77;0,85;0,85;T1011; []; []; []
518;Application Window Discovery; ['discovery']; ['macOS', 'Windows'];;;1,83457659;0,62;0,77;0,85;0,55;T1010; []; []; []
519;Fallback Channels; ['command-and-control']; ['Linux', 'Windows', 'macOS'];;;3,887042775;0,85;0,77;0,85;0,85;T1008; []; []; []
520;System Service Discovery; ['discovery']; ['Windows'];;;1,83457659;0,62;0,77;0,85;0,55;T1007; []; ['CAPEC-574']; ['Low']
521;Direct Volume Access; ['defense-evasion']; ['Windows'];;;0,798928515;0,27;0,77;0,85;0,55;T1006; []; []; []
522;Data from Local System; ['collection']; ['Linux', 'macOS', 'Windows'];;;2,515145325;0,85;0,77;0,85;0,55;T1005; ['Privileges to access certain files and directories']; []; []
525;Active Setup; ['persistence', 'privilege-escalation']; ['Windows'];;;0,798928515;0,27;0,77;0,85;0,55;T1547.014; []; []; []
526;Build Image on Host; ['defense-evasion']; ['Containers'];;;1,83457659;0,62;0,77;0,85;0,55;T1612; []; []; []
527;Cloud Storage Object Discovery; ['discovery']; ['IaaS'];;;3,887042775;0,85;0,77;0,85;0,85;T1619; []; []; []
528;Code Repositories; ['collection']; ['SaaS'];;;3,887042775;0,85;0,77;0,85;0,85;T1213.003; []; []; []
529;Code Signing Policy Modification; ['defense-evasion']; ['Windows', 'macOS'];;;0,45653058;0,27;0,44;0,85;0,55;T1553.006; []; []; []
530;Container Administration Command; ['execution']; ['Containers'];;;3,887042775;0,85;0,77;0,85;0,85;T1609; []; []; []
531;Container and Resource Discovery; ['discovery']; ['Containers'];;;3,887042775;0,85;0,77;0,85;0,85;T1613; []; []; []
532;Container API; ['credential-access']; ['Containers'];;;3,887042775;0,85;0,77;0,85;0,85;T1552.007; []; []; []
533;Container Orchestration Job; ['execution', 'persistence', 'privilege-escalation']; ['Containers'];;;3,887042775;0,85;0,77;0,85;0,85;T1053.007; []; []; []
534;Deploy Container; ['defense-evasion', 'execution']; ['Containers'];;;3,887042775;0,85;0,77;0,85;0,85;T1610; []; []; []
535;Domain Policy Modification; ['defense-evasion', 'privilege-escalation']; ['Windows', 'Azure AD'];;;1,83457659;0,62;0,77;0,85;0,55;T1484; []; []; []
536;Domain Trust Modification; ['defense-evasion', 'privilege-escalation']; ['Windows', 'Azure AD'];;;0,798928515;0,27;0,77;0,85;0,55;T1484.002; []; []; []
537;Double File Extension; ['defense-evasion']; ['Windows'];;;1,627446975;0,85;0,77;0,55;0,55;T1036.007; []; []; []
538;Downgrade Attack; ['defense-evasion']; ['Windows', 'Linux', 'macOS'];;;1,04832948;0,62;0,44;0,85;0,55;T1562.010; []; []; []
539;Drive-by Target; ['resource-development']; ['PRE'];;;2,2211673;0,85;0,44;0,85;0,85;T1608.004; []; []; []
540;Email Hiding Rules; ['defense-evasion']; ['Windows', 'Office 365', 'Linux', 'macOS'];;;1,83457659;0,62;0,77;0,85;0,55;T1564.008; []; []; []
541;Escape to Host; ['privilege-escalation']; ['Windows', 'Linux', 'Containers'];;;1,83457659;0,62;0,77;0,85;0,55;T1611; []; []; []
542;Forge Web Credentials; ['credential-access']; ['SaaS', 'Windows', 'macOS', 'Linux', 'Azure AD', 'Office 365', 'Google Workspace', 'IaaS'];;;3,887042775;0,85;0,77;0,85;0,85;T1606; []; []; []
543;Group Policy Discovery; ['discovery']; ['Windows'];;;1,83457659;0,62;0,77;0,85;0,55;T1615; []; []; []
544;HTML Smuggling; ['defense-evasion']; ['Windows', 'Linux', 'macOS'];;;1,83457659;0,62;0,77;0,55;0,85;T1027.006; []; []; []
545;IIS Components; ['persistence']; ['Windows'];;;0,798928515;0,27;0,77;0,85;0,55;T1505.004; []; []; []
546;Install Digital Certificate; ['resource-development']; ['PRE'];;;2,2211673;0,85;0,44;0,85;0,85;T1608.003; []; []; []
547;Internet Connection Discovery; ['discovery']; ['Windows', 'Linux', 'macOS'];;;1,83457659;0,62;0,77;0,85;0,55;T1016.001; []; []; []
548;Link Target; ['resource-development']; ['PRE'];;;3,887042775;0,85;0,77;0,85;0,85;T1608.005; []; []; []
549;Login Items; ['persistence', 'privilege-escalation']; ['macOS'];;;2,83525473;0,62;0,77;0,85;0,85;T1547.015; []; []; []
550;Malicious Image; ['execution']; ['IaaS', 'Containers'];;;1,83457659;0,62;0,77;0,55;0,85;T1204.003; []; []; []
551;Mark-of-the-Web Bypass; ['defense-evasion']; ['Windows'];;;1,83457659;0,62;0,77;0,85;0,55;T1553.005; []; []; []
552;Mavinject; ['defense-evasion']; ['Windows'];;;1,04832948;0,62;0,44;0,85;0,55;T1218.013; []; []; []
553;MMC; ['defense-evasion']; ['Windows'];;;1,83457659;0,62;0,77;0,85;0,55;T1218.014; []; []; []
554;Password Managers; ['credential-access']; ['Linux', 'macOS', 'Windows'];;;1,62014556;0,62;0,44;0,85;0,85;T1555.005; []; []; []
555;Reflective Code Loading; ['defense-evasion']; ['macOS', 'Linux', 'Windows'];;;1,04832948;0,62;0,44;0,85;0,55;T1620; []; []; []
556;Resource Forking; ['defense-evasion']; ['macOS'];;;2,83525473;0,62;0,77;0,85;0,85;T1564.009; []; []; []
557;Safe Mode Boot; ['defense-evasion']; ['Windows'];;;0,45653058;0,27;0,44;0,85;0,55;T1562.009; []; []; []
558;SAML Tokens; ['credential-access']; ['Azure AD', 'SaaS', 'Windows', 'Office 365', 'Google Workspace', 'IaaS'];;;0,70554726;0,27;0,44;0,85;0,85;T1606.002; []; []; []
559;Stage Capabilities; ['resource-development']; ['PRE'];;;3,887042775;0,85;0,77;0,85;0,85;T1608; []; []; []
560;System Language Discovery; ['discovery']; ['Windows', 'Linux', 'macOS'];;;1,83457659;0,62;0,77;0,85;0,55;T1614.001; []; []; []
561;System Location Discovery; ['discovery']; ['Windows', 'Linux', 'macOS', 'IaaS'];;;1,83457659;0,62;0,77;0,85;0,55;T1614; []; []; []
562;Upload Malware; ['resource-development']; ['PRE'];;;3,887042775;0,85;0,77;0,85;0,85;T1608.001; []; []; []
563;Upload Tool; ['resource-development']; ['PRE'];;;3,887042775;0,85;0,77;0,85;0,85;T1608.002; []; []; []
564;Web Cookies; ['credential-access']; ['Linux', 'macOS', 'Windows', 'SaaS', 'IaaS'];;;2,2211673;0,85;0,44;0,85;0,85;T1606.001; []; []; []
565;Windows Credential Manager; ['credential-access']; ['Windows'];;;1,83457659;0,62;0,77;0,85;0,55;T1555.004; []; []; []
566;XDG Autostart Entries; ['persistence', 'privilege-escalation']; ['Linux'];;;1,83457659;0,62;0,77;0,85;0,55;T1547.013; []; []; []
